0.424992,0.002000,0.500000,0.0,-0.0,0.003999904,0.9999920004,0.9999680015,0.007999744,0.0
0.424982,0.003002,0.500026,0.0,-5.26836e-05,0.0060035958,0.9999819769,0.9999279081,0.0120069752,0.0001053653
0.424968,0.003996,0.500105,0.0,-0.0002104349,0.0079904792,0.9999680535,0.9998722159,0.0159804478,0.0004208563
0.424950,0.004973,0.500236,0.0,-0.0004723645,0.0099439758,0.9999504459,0.9998017884,0.019886966,0.0009446822
0.424929,0.005925,0.500419,0.0,-0.0008370006,0.0118476734,0.9999294635,0.9997178641,0.0236936754,0.0016738832
0.424905,0.006845,0.500651,0.0,-0.0013022964,0.0136854051,0.9999055024,0.9996220274,0.0273682237,0.0026043466
0.424879,0.007723,0.500933,0.0,-0.0018656403,0.0154413263,0.9998790351,0.9995161697,0.0308789169,0.0037308293
0.424850,0.008554,0.501263,0.0,-0.0025238694,0.0170999902,0.999850599,0.9994024408,0.0341948708,0.0050469848
0.424821,0.009328,0.501638,0.0,-0.0032732844,0.0186464195,0.9998207823,0.9992831933,0.0372861556,0.0065453954
0.424790,0.010039,0.502056,0.0,-0.004109667,0.0200661763,0.9997902076,0.9991609184,0.0401239332,0.0082176097
0.424759,0.010680,0.502516,0.0,-0.0050283004,0.0213454272,0.9997595155,0.9990381779,0.042680588,0.0100541823
0.424729,0.011245,0.503014,0.0,-0.0060239896,0.0224710063,0.9997293461,0.9989175309,0.0449298488,0.0120447183
0.424700,0.011726,0.503549,0.0,-0.0070910849,0.0234304734,0.9997003198,0.9988014589,0.0468469035,0.0141779197
0.424672,0.012118,0.504116,0.0,-0.0082235063,0.02421217,0.9996730189,0.9986922895,0.0484085062,0.0164416347
0.424647,0.012416,0.504712,0.0,-0.0094147683,0.0248052705,0.9996479684,0.9985921214,0.0495930765,0.0188229081
0.424625,0.012614,0.505335,0.0,-0.0106580072,0.0251998306,0.9996256176,0.9985027508,0.0503807925,0.021308034
0.424605,0.012708,0.505980,0.0,-0.0119460075,0.0253868328,0.9996063233,0.9984256033,0.0507536772,0.0238826093
0.424589,0.012695,0.506644,0.0,-0.0132712311,0.0253582281,0.9995903334,0.9983616694,0.0506956794,0.0265315886
0.424577,0.012569,0.507322,0.0,-0.0146258454,0.0251069758,0.9995777731,0.9983114488,0.05019275,0.02923934
0.424568,0.012329,0.508011,0.0,-0.0160017536,0.0246270798,0.9995686324,0.9982749016,0.0492329129,0.0319897019
0.424562,0.011973,0.508707,0.0,-0.0173906249,0.0239136227,0.9995627568,0.9982514096,0.0478063332,0.034766042
0.424559,0.011497,0.509404,0.0,-0.0187839261,0.0229627979,0.9995598401,0.9982397481,0.0459053813,0.0375513164
0.424558,0.010900,0.510100,0.0,-0.020172954,0.0217719388,0.9995594202,0.9982380692,0.0435246931,0.0403281324
0.424560,0.010183,0.510789,0.0,-0.0215488686,0.0203395455,0.9995608782,0.9982438983,0.0406612279,0.043078812
0.424562,0.009345,0.511466,0.0,-0.022902728,0.0186653093,0.9995634403,0.9982541426,0.0373143215,0.0457854592
0.424565,0.008386,0.512129,0.0,-0.0242255245,0.016750134,0.9995661844,0.9982651139,0.0334857351,0.0484300301
0.424567,0.007308,0.512771,0.0,-0.0255082214,0.0145961546,0.9995680482,0.9982725658,0.0291796994,0.0509944061
0.424567,0.006111,0.513388,0.0,-0.0267417925,0.0122067511,0.9995678425,0.9982717435,0.0244029517,0.0534604717
0.424563,0.004800,0.513977,0.0,-0.027917262,0.0095865599,0.9995642672,0.9982574487,0.0191647654,0.0558101951
0.424555,0.003375,0.514532,0.0,-0.0290257466,0.0067414789,0.9995559306,0.998224117,0.0134769705,0.0580257144
0.424540,0.001842,0.515050,0.0,-0.0300584987,0.0036786681,0.9995413719,0.9981659081,0.0073539619,0.0600894261
0.424518,0.000204,0.515526,0.0,-0.031006951,0.0004065435,0.9995190862,0.9980768074,0.000812696,0.0619840787
0.424486,-0.001535,0.515956,0.0,-0.0318627621,-0.0030652351,0.9994875531,0.9979507374,-0.0061273287,0.0636928683
0.424444,-0.003368,0.516336,0.0,-0.032617863,-0.0067257847,0.9994452656,0.9977816777,-0.0134441074,0.0651995374
0.424389,-0.005291,0.516663,0.0,-0.0332645037,-0.0105630268,0.999390762,0.9975637905,-0.0211131828,0.0664884753
0.424320,-0.007297,0.516932,0.0,-0.0337953001,-0.0145637241,0.9993226584,0.9972915513,-0.0291077191,0.0675448183
0.424236,-0.009378,0.517141,0.0,-0.0342032801,-0.0187135266,0.9992396807,0.9969598791,-0.0373985966,0.0683545494
0.424137,-0.011528,0.517286,0.0,-0.0344819284,-0.0229970255,0.9991406975,0.9965642669,-0.0459545281,0.068904596
0.424019,-0.013739,0.517363,0.0,-0.0346252298,-0.0273978176,0.999024751,0.9961009061,-0.0547421958,0.0691829232
0.423884,-0.016003,0.517372,0.0,-0.0346277098,-0.0318985779,0.9988910864,0.9955668049,-0.0637264102,0.0691786213
0.423730,-0.018310,0.517308,0.0,-0.0344844722,-0.0364811403,0.998739179,0.9949598952,-0.0728702881,0.0688819869
0.423557,-0.020652,0.517169,0.0,-0.0341912332,-0.0411265867,0.9985687575,0.9942791269,-0.0821354492,0.0682845946
0.423365,-0.023020,0.516955,0.0,-0.0337443509,-0.0458153427,0.9983798241,0.9935245463,-0.0914822276,0.0673793583
0.423154,-0.025403,0.516662,0.0,-0.0331408502,-0.0505272785,0.9981726695,0.9926973564,-0.1008698969,0.0661605818
0.422924,-0.027792,0.516290,0.0,-0.0323784424,-0.0552418146,0.9979478836,0.9917999568,-0.1102569039,0.0646239962
0.422677,-0.030177,0.515837,0.0,-0.0314555398,-0.0599380306,0.9977063604,0.990835963,-0.1196011086,0.0627667842
0.422413,-0.032547,0.515303,0.0,-0.0303712637,-0.0645947744,0.9974492977,0.9898102029,-0.1288600246,0.0605875913
0.422134,-0.034891,0.514687,0.0,-0.0291254481,-0.0691907721,0.9971781914,0.9887286907,-0.1379910579,0.0580865233
0.421841,-0.037199,0.513990,0.0,-0.0277186364,-0.0737047354,0.9968948235,0.9875985784,-0.1469517384,0.0552651303
0.421537,-0.039461,0.513211,0.0,-0.0261520742,-0.0781154655,0.9966012458,0.9864280861,-0.1556999406,0.0521263794
0.421223,-0.041664,0.512351,0.0,-0.0244276963,-0.0824019526,0.996299757,0.9852264117,-0.1641940907,0.0486746157
0.420903,-0.043799,0.511411,0.0,-0.0225481097,-0.0865434684,0.9959928769,0.9840036217,-0.1723933561,0.0449155133
0.420579,-0.045855,0.510393,0.0,-0.0205165731,-0.0905196523,0.9956833145,0.9827705256,-0.1802578148,0.040856019
0.420254,-0.047820,0.509298,0.0,-0.0183369729,-0.0943105889,0.9953739339,0.9815385365,-0.1877486038,0.0365042898
0.419931,-0.049685,0.508127,0.0,-0.0160137976,-0.0978968776,0.9950677161,0.9803195193,-0.1948280448,0.031869626
0.419613,-0.051439,0.506884,0.0,-0.01355211,-0.1012596925,0.9947677191,0.97912563,-0.2014597467,0.0269624032
0.419305,-0.053071,0.505571,0.0,-0.0109575195,-0.1043808347,0.9944770355,0.9779691482,-0.2076086861,0.021794003
0.419008,-0.054573,0.504191,0.0,-0.0082361539,-0.1072427752,0.9941987492,0.9768623059,-0.2132412659,0.0163767478
0.418728,-0.055934,0.502747,0.0,-0.0053946325,-0.1098286904,0.9939358916,0.9758171134,-0.2183253547,0.0107238377
0.418466,-0.057145,0.501244,0.0,-0.0024400404,-0.1121224909,0.9936913974,0.9748451865,-0.2228303094,0.0048492943
0.418226,-0.058197,0.499684,0.0,0.0006200949,-0.1141088438,0.9934680605,0.9739575745,-0.2267269836,-0.0012320889
0.418011,-0.059082,0.498072,0.0,0.0037778244,-0.1157731906,0.9932684916,0.9731645928,-0.2299877247,-0.0075047879
0.417824,-0.059792,0.496413,0.0,0.007024796,-0.1171017615,0.9930950759,0.9724756594,-0.2325863654,-0.0139525807
0.417667,-0.060320,0.494712,0.0,0.0103522691,-0.1180815885,0.9929499328,0.971899138,-0.2344982107,-0.0205585698
0.417543,-0.060657,0.492973,0.0,0.0137511264,-0.1187005174,0.9928348774,0.9714421874,-0.2357000273,-0.0273051958
0.417452,-0.060799,0.491202,0.0,0.0172118825,-0.1189472216,0.9927513836,0.9711106192,-0.2361700376,-0.0341742404
0.417397,-0.060739,0.489405,0.0,0.0207246897,-0.1188112184,0.9927005498,0.9709087633,-0.2358879236,-0.0411468216
0.417378,-0.060472,0.487587,0.0,0.0242793404,-0.1182828899,0.992683067,0.9708393432,-0.2348348439,-0.0482033802
0.417396,-0.059994,0.485755,0.0,0.0278652685,-0.1173535099,0.9926991893,0.970903361,-0.2329934683,-0.0553236589
0.417449,-0.059301,0.483913,0.0,0.0314715481,-0.1160152772,0.9927487079,0.9710999942,-0.2303480331,-0.0624866773
0.417538,-0.058389,0.482070,0.0,0.0350868919,-0.1142613578,0.9928309283,0.9714265043,-0.2268844199,-0.0696707029
0.417661,-0.057258,0.480231,0.0,0.0386996499,-0.1120859362,0.992944651,0.97187816,-0.2225902617,-0.0768532208
0.417817,-0.055904,0.478402,0.0,0.0422978086,-0.1094842764,0.9930881575,0.9724481772,-0.2174550767,-0.0840109057
0.418001,-0.054328,0.476591,0.0,0.0458689926,-0.1064527929,0.9932592,0.9731276768,-0.2114704318,-0.0911195978
0.418212,-0.052528,0.474804,0.0,0.0494004696,-0.1029891324,0.9934549976,0.9739056644,-0.2046301365,-0.0981542867
0.418445,-0.050507,0.473048,0.0,0.0528791601,-0.0990922651,0.9936722384,0.9747690348,-0.1969304658,-0.1050891067
0.418697,-0.048265,0.471329,0.0,0.0562916531,-0.0947625849,0.9939070894,0.9757026046,-0.18837041,-0.1118973462
0.418962,-0.045806,0.469655,0.0,0.059624229,-0.0900020172,0.9941552133,0.9766891764,-0.1789519492,-0.1185514762
0.419235,-0.043132,0.468032,0.0,0.0628628912,-0.0848141321,0.9944117959,0.9777096398,-0.1686803469,-0.125023201
0.419511,-0.040247,0.466466,0.0,0.0659934075,-0.0792042616,0.9946715815,0.9787431102,-0.1575644562,-0.1312835339
0.419784,-0.037156,0.464965,0.0,0.0690013626,-0.0731796154,0.99492892,0.9797671117,-0.1456170315,-0.1373029023
0.420047,-0.033865,0.463536,0.0,0.0718722224,-0.0667493949,0.9951778243,0.9807578039,-0.1328550352,-0.1430512839
0.420294,-0.030381,0.462183,0.0,0.0745914103,-0.0599248975,0.9954120394,0.9816902563,-0.1192999289,-0.1484983756
0.420518,-0.026711,0.460914,0.0,0.077144396,-0.0527196102,0.9956251227,0.9825387697,-0.1049779368,-0.1536137974
0.420712,-0.022862,0.459735,0.0,0.079516797,-0.0451492848,0.9958105347,0.9832772422,-0.0899202669,-0.1583673282
0.420870,-0.018845,0.458651,0.0,0.0816944909,-0.0372319913,0.9959617407,0.983879578,-0.0741632777,-0.1627291747
0.420986,-0.014667,0.457669,0.0,0.083663738,-0.0289881439,0.9960723199,0.9843201329,-0.0577485756,-0.1666702672
0.421052,-0.010340,0.456793,0.0,0.0854113118,-0.0204404955,0.996136082,0.9845741879,-0.0407230303,-0.1701625791
0.421064,-0.005875,0.456029,0.0,0.0869246352,-0.0116140956,0.9961471882,0.9846184412,-0.0231386974,-0.1731794619
0.421015,-0.001283,0.455381,0.0,0.0881919186,-0.0025362101,0.9961002726,0.9844315063,-0.0050526391,-0.1756959882
0.420900,0.003423,0.454855,0.0,0.0892022975,0.0067638003,0.9959905628,0.9839944023,0.0134733626,-0.1776892929
0.420716,0.008231,0.454454,0.0,0.0899459647,0.0162546426,0.9958139937,0.9832910201,0.0323732012,-0.1791389007
0.420457,0.013126,0.454183,0.0,0.0904142934,0.0259032945,0.9955673131,0.9823085498,0.0515769465,-0.1800270304
0.420121,0.018096,0.454044,0.0,0.0905999472,0.0356752446,0.9952481733,0.981037853,0.071011444,-0.180338864
0.419706,0.023125,0.454041,0.0,0.0904969733,0.0455347661,0.994855207,0.9794737658,0.0906009983,-0.1800627701
0.419210,0.028198,0.454177,0.0,0.090100875,0.0554452167,0.9943880833,0.9776153205,0.1102681255,-0.1791904728
0.418633,0.033301,0.454453,0.0,0.0894086622,0.0653693585,0.9938475427,0.9754658762,0.1299343526,-0.1777171583
0.417975,0.038416,0.454873,0.0,0.0884188758,0.0752696888,0.9932354083,0.9730331527,0.1495210402,-0.1756415165
0.417239,0.043529,0.455436,0.0,0.0871315877,0.0851087732,0.9925545744,0.9703291663,0.1689502043,-0.1729657119
0.416425,0.048623,0.456145,0.0,0.0855483734,0.094849571,0.9918089709,0.9673700694,0.1881453107,-0.1696952884
0.415539,0.053681,0.457000,0.0,0.0836722618,0.1044557449,0.9910035065,0.9641758999,0.2070320189,-0.1658390097
0.414584,0.058687,0.458000,0.0,0.0815076609,0.1138919463,0.9901439924,0.9607702516,0.2255388528,-0.1614086416
0.413566,0.063624,0.459146,0.0,0.0790602644,0.1231240689,0.9892370486,0.9571798765,0.2435977811,-0.1564186852
0.412492,0.068475,0.460436,0.0,0.0763369417,0.1321194655,0.988289997,0.9534342363,0.2611446923,-0.1508860717
0.411369,0.073223,0.461869,0.0,0.0733456158,0.1408471232,0.9873107457,0.9495650171,0.2781197565,-0.1448298292
0.410206,0.077852,0.463444,0.0,0.0700951324,0.1492777957,0.9863076661,0.9456056243,0.2944676685,-0.138270733
0.409011,0.082344,0.465157,0.0,0.0665951259,0.1573840907,0.9852894687,0.9415906744,0.3101377743,-0.1312309524
0.407795,0.086684,0.467006,0.0,0.0628558841,0.165140515,0.9842650802,0.9375554962,0.3250840846,-0.1237337037
0.406567,0.090855,0.468988,0.0,0.0588882185,0.1725234777,0.9832435239,0.9335356547,0.3392651844,-0.1158029189
0.405340,0.094841,0.471099,0.0,0.0547033397,0.1795112566,0.9822338079,0.9295665068,0.3526440502,-0.1074629394
0.404123,0.098627,0.473334,0.0,0.050312745,0.1860839311,0.9812448208,0.9256827966,0.3651877872,-0.0987382408
0.402930,0.102197,0.475688,0.0,0.0457281158,0.1922232873,0.9802852377,0.9219182945,0.3768673018,-0.0896531937
0.401770,0.105536,0.478158,0.0,0.0409612309,0.1979126998,0.9793634365,0.9183054817,0.3876569235,-0.0802318637
0.400657,0.108631,0.480736,0.0,0.0360238938,0.2031369955,0.9784874246,0.9148752803,0.3975339911,-0.0704978541
0.399600,0.111467,0.483416,0.0,0.0309278756,0.207882306,0.9776647756,0.9116568267,0.4064784161,-0.0604741891
0.398612,0.114032,0.486193,0.0,0.0256848746,0.2121359117,0.9769025756,0.9086772844,0.414472237,-0.0501832403
0.397703,0.116313,0.489060,0.0,0.0203064908,0.2158860836,0.9762073783,0.9059616907,0.4214991753,-0.0396466923
0.396883,0.118298,0.492008,0.0,0.0148042165,0.2191219267,0.9755851662,0.9035328328,0.4275442025,-0.0288855481
0.396162,0.119977,0.495030,0.0,0.0091894415,0.2218332289,0.9750413185,0.9014111454,0.432593128,-0.0179201703
0.395547,0.121339,0.498119,0.0,0.003473472,0.224010319,0.9745805826,0.899614624,0.4366322144,-0.0067703567
0.395046,0.122375,0.501265,0.0,-0.0023324367,0.2256439362,0.9742070487,0.8981587476,0.4396478263,0.0045445525
0.394665,0.123076,0.504461,0.0,-0.0082170356,0.2267251157,0.9739241255,0.8970564044,0.4416261201,0.0160055384
0.394408,0.123436,0.507696,0.0,-0.0141690263,0.2272450911,0.9737345158,0.8963178145,0.4425527775,0.0275937398
0.394281,0.123448,0.510963,0.0,-0.0201769946,0.2271952171,0.9736401913,0.8959504444,0.4424127893,0.0392902657
0.394284,0.123106,0.514252,0.0,-0.0262293354,0.2265669151,0.973642365,0.8959589099,0.4411902942,0.0510759843
0.394418,0.122405,0.517552,0.0,-0.0323141693,0.2253516435,0.9737414602,0.8963448625,0.4388684768,0.0629312929
0.394682,0.121343,0.520855,0.0,-0.0384192526,0.2235408954,0.9739370766,0.8971068582,0.4354295323,0.0748358692
0.395074,0.119916,0.524150,0.0,-0.0445318816,0.2211262264,0.9742279526,0.8982402071,0.4308547015,0.0867684077
0.395589,0.118125,0.527426,0.0,-0.0506387936,0.2180993148,0.9746119235,0.8997368029,0.4251243854,0.098706344
0.396221,0.115968,0.530675,0.0,-0.0567260657,0.214452057,0.9750858776,0.9015849375,0.4182183443,0.1106255712
0.396963,0.113446,0.533886,0.0,-0.0627790148,0.2101766999,0.9756457093,0.9037691002,0.410115991,0.1225001528
0.397807,0.110562,0.537048,0.0,-0.0687820993,0.2052660144,0.9762862726,0.9062697723,0.4007967841,0.1343020388
0.398741,0.107319,0.540151,0.0,-0.0747188291,0.1997135093,0.9770013361,0.9090632216,0.3902407308,0.1460007918
0.399753,0.103722,0.543186,0.0,-0.0805716841,0.1935136899,0.9777835423,0.9121213111,0.3784290024,0.1575633334
0.400831,0.099776,0.546141,0.0,-0.0863220483,0.1866623596,0.9786243751,0.915411335,0.36534467,0.1689537212
0.401961,0.095488,0.549008,0.0,-0.091950163,0.1791569643,0.9795141396,0.9188958993,0.3509735595,0.1801329696
0.403126,0.090865,0.551776,0.0,-0.0974351054,0.1709969777,0.9804419584,0.9225328677,0.3353052234,0.191058931
0.404310,0.085918,0.554435,0.0,-0.1027547978,0.1621843219,0.9813957903,0.9262753945,0.3183340215,0.2016862519
0.405497,0.080655,0.556976,0.0,-0.1078860547,0.1527238165,0.9823624764,0.9300720702,0.3000602932,0.2119664237
0.406669,0.075089,0.559390,0.0,-0.1128046725,0.1426236457,0.98332782,0.9338672031,0.2804915971,0.2218479454
0.407808,0.069231,0.561667,0.0,-0.1174855684,0.1318958293,0.9842767047,0.9376012628,0.2596439845,0.2312766162
0.408897,0.063095,0.563800,0.0,-0.1219029724,0.1205566817,0.9851932561,0.9412115036,0.2375432596,0.2401959726
0.409917,0.056696,0.565779,0.0,-0.1260306756,0.1086272364,0.986061049,0.9446327847,0.2142261733,0.2485478803
0.410852,0.050048,0.567597,0.0,-0.1298423351,0.0961336149,0.9868633624,0.9477985922,0.1897414848,0.2562732869
0.411683,0.043168,0.569246,0.0,-0.1333118334,0.0831073135,0.9875834798,0.950642259,0.1641508198,0.2633131286
0.412395,0.036074,0.570719,0.0,-0.1364136852,0.0695853834,0.9882050298,0.9530983618,0.1375292518,0.2696093797
0.412972,0.028784,0.572009,0.0,-0.1391234843,0.0556104784,0.98871236,0.9551042616,0.1099655346,0.275106217
0.413401,0.021316,0.573111,0.0,-0.141418374,0.0412307512,0.9890909304,0.9566017373,0.081561924,0.2797512622
0.413668,0.013690,0.574017,0.0,-0.1432775255,0.0264995823,0.9893277126,0.9575386457,0.0524335422,0.283496853
0.413763,0.005926,0.574723,0.0,-0.1446826036,0.011475134,0.9894115754,0.957870531,0.0227072609,0.2863012855
0.413675,-0.001953,0.575225,0.0,-0.1456181982,-0.0037802675,0.9893336393,0.9575620999,-0.0074798915,0.2881299639
0.413397,-0.009927,0.575517,0.0,-0.1460721981,-0.0192009092,0.9890875785,0.9565884761,-0.0379827616,0.2889563934
0.412924,-0.017973,0.575597,0.0,-0.1460360889,-0.0347186033,0.9886698535,0.9549361586,-0.0686504729,0.2887629573
0.412252,-0.026068,0.575462,0.0,-0.1455051557,-0.0502637005,0.9880798602,0.9526036202,-0.0993291004,0.2875414277
0.411380,-0.034189,0.575109,0.0,-0.1444785795,-0.0657661632,0.9873199845,0.9496015037,-0.1298644945,0.2852931777
0.410308,-0.042313,0.574536,0.0,-0.1429594219,-0.0811566522,0.9863955604,0.945952403,-0.1601051229,0.2820290782
0.409041,-0.050416,0.573742,0.0,-0.1409544975,-0.0963675796,0.9853147311,0.9416902385,-0.1899047916,0.2777690856
0.407583,-0.058473,0.572727,0.0,-0.1384741424,-0.1113340825,0.9840882247,0.9368592679,-0.2191251193,0.2725415459
0.405944,-0.066461,0.571492,0.0,-0.1355318918,-0.1259948795,0.9827290556,0.9315127933,-0.2476376579,0.2663822561
0.404132,-0.074355,0.570036,0.0,-0.1321440854,-0.1402929782,0.9812521699,0.9257116419,-0.2753255787,0.259333341
0.402162,-0.082131,0.568362,0.0,-0.1283294202,-0.1541762154,0.9796740552,0.919522509,-0.3020848764,0.2514420071
0.400048,-0.089764,0.566472,0.0,-0.1241084749,-0.1675976191,0.9780123335,0.9130162491,-0.3278250771,0.2427592383
0.397806,-0.097231,0.564368,0.0,-0.119503225,-0.1805155949,0.9762853575,0.9062661984,-0.3524694642,0.2333384975
0.395455,-0.104508,0.562055,0.0,-0.1145365713,-0.1928939469,0.974511826,0.8993465982,-0.3759548648,0.2232344866
0.393015,-0.111570,0.559536,0.0,-0.1092318956,-0.2047017496,0.9727104331,0.8923311734,-0.3982310551,0.2125020089
0.390509,-0.118396,0.556816,0.0,-0.1036126581,-0.2159130952,0.9708995583,0.8852919048,-0.4192598576,0.201194968
0.387959,-0.124962,0.553901,0.0,-0.097702046,-0.2265067383,0.9690970063,0.8782980154,-0.439014004,0.1893655205
0.385389,-0.131245,0.550798,0.0,-0.0915226763,-0.2364656665,0.9673197963,0.8714151766,-0.4574758407,0.1770633932
0.382824,-0.137225,0.547512,0.0,-0.085096358,-0.2457766193,0.9655840011,0.8647049265,-0.4746359429,0.1643353636
0.380290,-0.142880,0.544052,0.0,-0.0784439095,-0.2544295781,0.9639046337,0.8582242857,-0.4904916986,0.1512248957
0.377811,-0.148190,0.540425,0.0,-0.0715850316,-0.2624172468,0.9622955741,0.8520255437,-0.5050459102,0.1377719181
0.375414,-0.153135,0.536640,0.0,-0.0645382285,-0.2697345372,0.9607695335,0.8461561929,-0.518305451,0.1240127275
0.373123,-0.157698,0.532706,0.0,-0.057320775,-0.2763780741,0.9593380473,0.8406589778,-0.5302800038,0.1099800007
0.370963,-0.161859,0.528634,0.0,-0.0499487208,-0.2823457254,0.9580114909,0.8355720333,-0.5409808987,0.095702897
0.368957,-0.165604,0.524433,0.0,-0.0424369299,-0.287636167,0.9567991129,0.8309290849,-0.5504200588,0.0812072337
0.367126,-0.168915,0.520113,0.0,-0.0347991471,-0.2922484836,0.9557090788,0.8267596864,-0.558609058,0.0665157217
0.365492,-0.171779,0.515687,0.0,-0.0270480892,-0.2961818087,0.9547485203,0.8230894741,-0.5655582872,0.0516482464
0.364072,-0.174182,0.511166,0.0,-0.0191955555,-0.2994350039,0.9539235866,0.8199404181,-0.5712762258,0.0366221863
0.362883,-0.176112,0.506562,0.0,-0.0112525551,-0.3020063768,0.9532394916,0.8173310568,-0.5757688101,0.0214527598
0.361938,-0.177559,0.501887,0.0,-0.003229449,-0.3038934368,0.9527005562,0.8152766995,-0.5790388924,0.0061533956
0.361251,-0.178512,0.497154,0.0,0.0048638958,-0.3050926884,0.9523102404,0.813789588,-0.581085783,-0.0092638756
0.360827,-0.178964,0.492376,0.0,0.0130179403,-0.3055994605,0.9520711649,0.8128790059,-0.5819048688,-0.0247880112
0.360675,-0.178908,0.487567,0.0,0.021223297,-0.305407771,0.9519851181,0.8125513302,-0.5814873058,-0.0404085257
0.360795,-0.178338,0.482740,0.0,0.0294705425,-0.304510228,0.952053049,0.8128100163,-0.579819782,-0.0561150396
0.361188,-0.177251,0.477909,0.0,0.0377500199,-0.3028979691,0.9522750424,0.8136555127,-0.5768843526,-0.0718968035
0.361850,-0.175644,0.473088,0.0,0.0460516296,-0.3005606393,0.9526502766,0.815085099,-0.5726583524,-0.0877421953
0.362773,-0.173516,0.468291,0.0,0.0543646096,-0.2974864138,0.953176963,0.8170926456,-0.567114393,-0.1036381869
0.363948,-0.170868,0.463531,0.0,0.0626773045,-0.293662068,0.953852266,0.8196682907,-0.560220458,-0.1195697778
0.365361,-0.167702,0.458824,0.0,0.070976924,-0.2890731027,0.9546722042,0.8227980351,-0.5519401122,-0.1355193931
0.366995,-0.164022,0.454182,0.0,0.0792492926,-0.2837039319,0.9556315339,0.8264632573,-0.5422328473,-0.1514662462
0.368831,-0.159833,0.449621,0.0,0.0874785916,-0.2775381415,0.9567236153,0.8306401521,-0.5310545882,-0.1673856688
0.370846,-0.155142,0.445155,0.0,0.0956470985,-0.2705588289,0.9579402657,0.8352991053,-0.518358393,-0.1832484139
0.373016,-0.149956,0.440796,0.0,0.1037349293,-0.2627490352,0.9592716033,0.8404040179,-0.5040953765,-0.199019944
0.375313,-0.144287,0.436560,0.0,0.1117197901,-0.254092278,0.9607058877,0.8459116055,-0.488215895,-0.2146597203
0.377708,-0.138145,0.432458,0.0,0.1195767501,-0.2445731968,0.9622293657,0.8517707045,-0.4706710241,-0.2301205208
0.380170,-0.131543,0.428505,0.0,0.1272780486,-0.2341783158,0.963826133,0.8579216295,-0.4514143612,-0.2453478188
0.382666,-0.124496,0.424713,0.0,0.134792953,-0.2228969279,0.9654780264,0.8642956387,-0.430404172,-0.2602792685
0.385162,-0.117019,0.421096,0.0,0.1420876871,-0.2107220958,0.9671645607,0.870814575,-0.4076058864,-0.274844351
0.387623,-0.109129,0.417664,0.0,0.1491254521,-0.1976517595,0.9688629323,0.877390763,-0.3829949265,-0.2889642455
0.390016,-0.100845,0.414430,0.0,0.155866564,-0.1836899249,0.9705481058,0.8839272514,-0.3565598174,-0.3025519969
0.392305,-0.092188,0.411404,0.0,0.1622687323,-0.1688478997,0.9721930082,0.8903184906,-0.3283054951,-0.315513054
0.394455,-0.083177,0.408599,0.0,0.1682874993,-0.1531455227,0.9737688465,0.8964515329,-0.298256678,-0.3277462482
0.396433,-0.073836,0.406024,0.0,0.1738768584,-0.1366123221,0.9752455648,0.9022078231,-0.2664611224,-0.33914527
0.398208,-0.064188,0.403688,0.0,0.1789900568,-0.1192885205,0.9765924475,0.9074656169,-0.2329925364,-0.3496006752
0.399747,-0.054257,0.401600,0.0,0.1835805769,-0.1012257974,0.9777788654,0.9121030194,-0.1979528906,-0.3590024165
0.401024,-0.044070,0.399770,0.0,0.1876032761,-0.082487714,0.9787751467,0.9160015756,-0.1614738488,-0.3672428482
0.402010,-0.033654,0.398205,0.0,0.1910156419,-0.063149715,0.9795535402,0.9190502761,-0.1237170537,-0.3742200966
0.402684,-0.023035,0.396911,0.0,0.1937791073,-0.0432986343,0.9800892234,0.9211497717,-0.0848730498,-0.3798416296
0.403025,-0.012242,0.395895,0.0,0.1958603497,-0.023031668,0.9803612934,0.9222165314,-0.0451587116,-0.3840278115
0.403015,-0.001305,0.395164,0.0,0.1972324903,-0.0024548103,0.9803536702,0.9221866374,-0.0048131645,-0.3867151915
0.402642,0.009747,0.394720,0.0,0.1978761066,0.0183191989,0.980055842,0.9210189068,0.0359076759,-0.3878592685
0.401896,0.020882,0.394569,0.0,0.1977799795,0.0391733228,0.9794633891,0.918697061,0.0767376709,-0.3874364979
0.400773,0.032071,0.394714,0.0,0.1969415126,0.0599889377,0.978578238,0.915230736,0.117407738,-0.3854453567
0.399269,0.043280,0.395156,0.0,0.1953667895,0.0806486422,0.9774086219,0.9106552282,0.1576533564,-0.381906369
0.397390,0.054479,0.395898,0.0,0.1930702632,0.1010389882,0.9759687476,0.9050299927,0.1972217895,-0.376861086
0.395141,0.065636,0.396940,0.0,0.1900741044,0.121052972,0.9742782009,0.8984360256,0.2358785436,-0.370370113
0.392536,0.076717,0.398282,0.0,0.186407264,0.140592142,0.9723611374,0.890972363,0.2734126703,-0.3625103585
0.389590,0.087692,0.399923,0.0,0.1821043228,0.1595682258,0.9702453282,0.8827519939,0.3096406512,-0.3533717369
0.386322,0.098527,0.401861,0.0,0.1772042151,0.1779042228,0.9679611323,0.8738975073,0.344408746,-0.3430535854
0.382759,0.109190,0.404093,0.0,0.1717489097,0.1955349584,0.9655404663,0.8645367841,0.3775938299,-0.3316610447
0.378927,0.119649,0.406615,0.0,0.1657821274,0.2124071325,0.9630158339,0.8547989926,0.4091028637,-0.3193016273
0.374858,0.129873,0.409423,0.0,0.1593481568,0.2284789318,0.9604194618,0.8448110853,0.4388712255,-0.3060821419
0.370587,0.139830,0.412511,0.0,0.1524908142,0.2437192904,0.957782574,0.8346949182,0.4668601786,-0.292106089
0.366151,0.149489,0.415873,0.0,0.1452525749,0.2581068915,0.9551348188,0.824565044,0.4930537581,-0.2774715836
0.361592,0.158821,0.419502,0.0,0.137673886,0.2716290037,0.9525038506,0.8145271709,0.517455344,-0.2622698131
0.356951,0.167795,0.423390,0.0,0.1297926573,0.2842802313,0.9499150573,0.8046772324,0.5400841445,-0.246583999
0.352273,0.176384,0.427528,0.0,0.1216439182,0.2960612494,0.9473914153,0.7951009875,0.5609717722,-0.2304888077
0.347603,0.184559,0.431907,0.0,0.1132596199,0.3069775753,0.9449534522,0.7858740535,0.5801590391,-0.2140501375
0.342987,0.192293,0.436516,0.0,0.1046685603,0.3170384152,0.9426192953,0.7770622716,0.597693055,-0.1973252091
0.338470,0.199560,0.441343,0.0,0.0958964097,0.3262556092,0.9404047831,0.7687223122,0.6136246707,-0.1803628847
0.334100,0.206336,0.446378,0.0,0.0869658119,0.3346426886,0.9383236214,0.760902437,0.628006279,-0.1632041511
0.329921,0.212597,0.451608,0.0,0.0778965446,0.3422140485,0.9363875658,0.7536433467,0.6408899597,-0.1458827116
0.325977,0.218321,0.457018,0.0,0.0687057189,0.3489842318,0.9346066179,0.7469790603,0.6523259451,-0.1284256391
0.322309,0.223488,0.462597,0.0,0.0594080061,0.3549673197,0.9329892233,0.7409377815,0.6623613678,-0.1108540589
0.318956,0.228076,0.468328,0.0,0.0500158804,0.3601764162,0.9315424633,0.7355427219,0.6710392519,-0.0931838328
0.315956,0.232070,0.474198,0.0,0.0405398697,0.3646232163,0.9302722339,0.7308128582,0.6783977079,-0.0754262303
0.313341,0.235451,0.480190,0.0,0.0309888092,0.368317647,0.9291834074,0.7267636093,0.6844692924,-0.0575885746
0.311140,0.238206,0.486289,0.0,0.0213700945,0.3712675682,0.928279975,0.7234074238,0.6892804977,-0.0396748616
0.309378,0.240322,0.492478,0.0,0.0116899337,0.3734785257,0.9275651655,0.7207542726,0.692851341,-0.0216863505
0.308076,0.241786,0.498740,0.0,0.0019535962,0.374953546,0.9270415427,0.7188120437,0.6951950273,-0.0036221297
0.307249,0.242590,0.505059,0.0,-0.0078343367,0.375692966,0.926711076,0.7175868369,0.6963176656,0.0145203332
0.306908,0.242726,0.511416,0.0,-0.0176697217,0.3756942935,0.9265751879,0.7170831575,0.6962180212,0.0327446515
0.307057,0.242187,0.517794,0.0,-0.027548597,0.3749520932,0.926634773,0.7173040052,0.6948872956,0.0510549759
0.307698,0.240970,0.524175,0.0,-0.037466918,0.3734578982,0.9268901922,0.7182508567,0.6923089261,0.0694554376
0.308822,0.239073,0.530541,0.0,-0.0474202807,0.3712001468,0.927341236,0.719923536,0.6884584059,0.0879495635
0.310420,0.236496,0.536874,0.0,-0.0574036286,0.3681641481,0.92798706,0.7223199669,0.6833031308,0.1065396491
0.312474,0.233240,0.543155,0.0,-0.0674109378,0.3643320817,0.9288260869,0.7254357995,0.6768022835,0.1252260751
0.314961,0.229309,0.549367,0.0,-0.0774348772,0.3596830398,0.9298558763,0.7292639013,0.6689067764,0.1440065512
0.317854,0.224709,0.555491,0.0,-0.0874664395,0.3541931243,0.9310729577,0.7337937053,0.6595592798,0.162875273
0.321119,0.219447,0.561509,0.0,-0.0974945396,0.3478356124,0.9324726277,0.739010403,0.6486943751,0.181821979
0.324721,0.213533,0.567403,0.0,-0.1075055793,0.3405812112,0.934048708,0.7448939779,0.6362388806,0.200830895
0.328616,0.206979,0.573155,0.0,-0.1174829794,0.3323984238,0.9357932664,0.7514180748,0.6221124135,0.2198795621
0.332758,0.199799,0.578748,0.0,-0.1274066814,0.3232540533,0.9376963019,0.7585487092,0.6062282606,0.238937548
0.337099,0.192007,0.584166,0.0,-0.1372526292,0.3131138749,0.9397454001,0.7662428342,0.5884946474,0.2579650539
0.341586,0.183620,0.589390,0.0,-0.1469922434,0.30194351,0.9419253671,0.7744467943,0.568816503,0.2769114456
0.346164,0.174659,0.594405,0.0,-0.1565919099,0.289709532,0.9442178567,0.7830947217,0.5470978266,0.295713755
0.350776,0.165143,0.599196,0.0,-0.1660125144,0.2763808361,0.9466010134,0.7921069571,0.523244759,0.3142952287
0.355364,0.155096,0.603746,0.0,-0.175209062,0.2619302935,0.9490491589,0.8013886119,0.4971694495,0.3325640258
0.359869,0.144542,0.608041,0.0,-0.1841304352,0.2463366974,0.9515325609,0.8108284287,0.4687947769,0.3504122091
0.364234,0.133506,0.612068,0.0,-0.1927193524,0.2295869851,0.9540173308,0.820298135,0.4380599254,0.3677152043
0.368399,0.122017,0.615811,0.0,-0.2009125961,0.2116786924,0.9564655038,0.8296525198,0.4049267344,0.384331935
0.372309,0.110103,0.619259,0.0,-0.2086415861,0.1926225502,0.9588353569,0.8387304834,0.3693866233,0.4001058594
0.375909,0.097795,0.622400,0.0,-0.2158333615,0.1724450906,0.9610820209,0.8473573016,0.3314677522,0.4148671265
0.379146,0.085124,0.625223,0.0,-0.2224120248,0.1511910772,0.9631584238,0.8553482988,0.2912419191,0.4284360306
0.381974,0.072124,0.627716,0.0,-0.2283006637,0.1289255289,0.9650165879,0.8625140299,0.2488305479,0.440627855
0.384345,0.058828,0.629871,0.0,-0.2334237223,0.1057350774,0.9666092588,0.8686669185,0.2044090095,0.4512590625
0.386222,0.045273,0.631679,0.0,-0.2377097359,0.0817283968,0.9678918073,0.8736291013,0.1582084913,0.4601546117
0.387568,0.031495,0.633132,0.0,-0.241094275,0.0570354812,0.9688242898,0.8772410089,0.1105147191,0.4671559796
0.388304,0.017529,0.634098,0.0,-0.2435228916,0.0318056266,0.9693735108,0.8793700068,0.0616630638,0.4721292807
0.388448,0.003417,0.634678,0.0,-0.2449538133,0.0062040976,0.9695148986,0.8799182771,0.0120299302,0.4749727429
0.387994,-0.010802,0.634892,0.0,-0.2453601295,-0.0195923909,0.9692339991,0.8788290901,-0.0379792227,0.4756227592
0.386930,-0.025088,0.634739,0.0,-0.2447312378,-0.0454010945,0.9685274193,0.8760907237,-0.0879444097,0.4740578284
0.385256,-0.039403,0.634223,0.0,-0.2430733909,-0.0710391519,0.9674031039,0.8717375311,-0.1374469922,0.4702999057
0.382978,-0.053707,0.633353,0.0,-0.2404092828,-0.0963295092,0.965879911,0.8658480048,-0.1860854756,0.4644129934
0.380113,-0.067960,0.632147,0.0,-0.2367767216,-0.1211063706,0.9639865306,0.8585400622,-0.2334898201,0.4564991407
0.376684,-0.082123,0.630623,0.0,-0.2322265364,-0.1452197633,0.9617598745,0.8499641123,-0.2793330827,0.4466923289
0.372722,-0.096160,0.628806,0.0,-0.2268199416,-0.1685389241,0.9592431106,0.8402946903,-0.3233396035,0.4351509327
0.368263,-0.110033,0.626720,0.0,-0.2206256149,-0.1909543715,0.956483542,0.8297215321,-0.3652894272,0.4220495392
0.363350,-0.123708,0.624388,0.0,-0.2137167405,-0.2123786763,0.9535305201,0.8184409054,-0.4050190993,0.4075708694
0.357894,-0.137117,0.621459,0.0,-0.2061682359,-0.2327460686,0.9504335464,0.8066478521,-0.4424193428,0.3918984151
0.351989,-0.150224,0.618060,0.0,-0.1980543195,-0.2520111034,0.9472406718,0.7945297806,-0.4774303337,0.3752102134
0.345729,-0.163000,0.614308,0.0,-0.1894465161,-0.2701466462,0.9439972495,0.7822616142,-0.5100353819,0.3576739803
0.339173,-0.175406,0.610209,0.0,-0.1804121347,-0.2871414394,0.9407450534,0.7700025108,-0.5402537775,0.3394436466
0.332383,-0.187405,0.605772,0.0,-0.1710132081,-0.302997482,0.9375217376,0.757894017,-0.5681334517,0.3206572001
0.325424,-0.198960,0.601009,0.0,-0.161305848,-0.3177274098,0.9343605923,0.7460594329,-0.5937439416,0.3014356554
0.318365,-0.210035,0.595930,0.0,-0.1513399508,-0.331352013,0.9312905362,0.7346041255,-0.6171699877,0.2818829278
0.311278,-0.220595,0.590547,0.0,-0.1411591824,-0.3438979807,0.9283362882,0.7236165281,-0.63850595,0.2620863829
0.304233,-0.230608,0.584874,0.0,-0.1308011722,-0.3553959186,0.9255186624,0.7131695888,-0.6578511104,0.2421178518
0.297302,-0.240041,0.578924,0.0,-0.1202978519,-0.3658786561,0.9228549376,0.7033224717,-0.6753058487,0.2220349332
0.290559,-0.248864,0.572711,0.0,-0.1096758885,-0.375379836,0.9203592658,0.6941223564,-0.6909686206,0.2018824404
0.284074,-0.257048,0.566253,0.0,-0.0989571665,-0.383932764,0.9180430883,0.6856062239,-0.7049336407,0.1816938854
0.277916,-0.264564,0.559565,0.0,-0.0881592901,-0.3915694881,0.9159155395,0.677802551,-0.717289158,0.1614929276
0.272150,-0.271388,0.552664,0.0,-0.0772960821,-0.3983200748,0.9139838257,0.6707328674,-0.7281162117,0.1412947377
0.266839,-0.277496,0.545569,0.0,-0.0663780637,-0.4042120476,0.9122535685,0.6644131465,-0.7374877657,0.121107251
0.262041,-0.282865,0.538298,0.0,-0.0554129083,-0.4092699571,0.91072911,0.6588550236,-0.7454681275,0.1009322973
0.257810,-0.287475,0.530871,0.0,-0.044405864,-0.4135150541,0.9094137778,0.6540668385,-0.7521125751,0.080766609
0.254192,-0.291309,0.523307,0.0,-0.0333601448,-0.4169650409,0.9083101097,0.6500545108,-0.7574671241,0.0606027136
0.251228,-0.294350,0.515626,0.0,-0.0222772929,-0.4196338799,0.90742004,0.646822258,-0.7615683843,0.0404297241
0.248952,-0.296584,0.507850,0.0,-0.0111575151,-0.4215316437,0.9067450486,0.6443731665,-0.7644434615,0.0202340432
0.247392,-0.298000,0.500000,0.0,-0.0,-0.422664391,0.9062862752,0.6427096251,-0.7661098732,0.0
