0.4249920000,0.0020000000,0.5000000000,0.7071011246,0.0028283592,0.7071011246,-0.0028283592,0.9999680015,0.0079997440,0.0000000000
0.4249819751,0.0030019602,0.5000263432,0.7070567853,0.0042449597,0.7071312885,-0.0042454070,0.9999279081,0.0120069752,0.0001053653
0.4249680479,0.0039956225,0.5001052275,0.7069354012,0.0056489333,0.7072329820,-0.0056513112,0.9998722159,0.0159804478,0.0004208563
0.4249504324,0.0049727272,0.5002362174,0.7067377620,0.0070281330,0.7074057202,-0.0070347755,0.9998017884,0.0198869660,0.0009446822
0.4249294362,0.0059250905,0.5004185889,0.7064651386,0.0083705645,0.7076486701,-0.0083845876,0.9997178641,0.0236936754,0.0016738832
0.4249054533,0.0068446430,0.5006513328,0.7061192711,0.0096644579,0.7079606513,-0.0096896604,0.9996220274,0.0273682237,0.0026043466
0.4248789546,0.0077234661,0.5009331588,0.7057023534,0.0108983366,0.7083401382,-0.0109390725,0.9995161697,0.0308789169,0.0037308293
0.4248504762,0.0085538291,0.5012625006,0.7052170147,0.0120610828,0.7087852615,-0.0121221093,0.9994024408,0.0341948708,0.0050469848
0.4248206055,0.0093282254,0.5016375226,0.7046662970,0.0131419995,0.7092938106,-0.0132283024,0.9992831933,0.0372861556,0.0065453954
0.4247899653,0.0100394072,0.5020561277,0.7040536299,0.0141308674,0.7098632364,-0.0142474705,0.9991609184,0.0401239332,0.0082176097
0.4247591971,0.0106804197,0.5025159655,0.7033828037,0.0150179977,0.7104906541,-0.0151697581,0.9990381779,0.0426805880,0.0100541823
0.4247289427,0.0112446342,0.5030144426,0.7026579407,0.0157942788,0.7111728463,-0.0159856760,0.9989175309,0.0449298488,0.0120447183
0.4246998252,0.0117257797,0.5035487332,0.7018834644,0.0164512190,0.7119062667,-0.0166861402,0.9988014589,0.0468469035,0.0141779197
0.4246724300,0.0121179734,0.5041157909,0.7010640690,0.0169809830,0.7126870443,-0.0172625115,0.9986922895,0.0484085062,0.0164416347
0.4246472857,0.0124157490,0.5047123615,0.7002046885,0.0173764236,0.7135109874,-0.0177066354,0.9985921214,0.0495930765,0.0188229081
0.4246248454,0.0126140846,0.5053349963,0.6993104654,0.0176311083,0.7143735893,-0.0180108818,0.9985027508,0.0503807925,0.0213080340
0.4246054693,0.0127084274,0.5059800673,0.6983867203,0.0177393414,0.7152700341,-0.0181681852,0.9984256033,0.0507536772,0.0238826093
0.4245894086,0.0126947180,0.5066437819,0.6974389227,0.0176961809,0.7161952036,-0.0181720857,0.9983616694,0.0506956794,0.0265315886
0.4245767906,0.0125694116,0.5073221989,0.6964726622,0.0174974524,0.7171436858,-0.0180167696,0.9983114488,0.0501927500,0.0292393400
0.4245676069,0.0123294978,0.5080112457,0.6954936216,0.0171397584,0.7181097849,-0.0176971116,0.9982749016,0.0492329129,0.0319897019
0.4245617031,0.0119725183,0.5087067350,0.6945075511,0.0166204846,0.7190875337,-0.0172087161,0.9982514096,0.0478063332,0.0347660420
0.4245587723,0.0114965822,0.5094043832,0.6935202436,0.0159378033,0.7200707071,-0.0165479601,0.9982397481,0.0459053813,0.0375513164
0.4245583504,0.0109003790,0.5100998283,0.6925375119,0.0150906739,0.7210528401,-0.0157120345,0.9982380692,0.0435246931,0.0403281324
0.4245598154,0.0101831897,0.5107886490,0.6915651670,0.0140788412,0.7220272473,-0.0146989864,0.9982438983,0.0406612279,0.0430788120
0.4245623900,0.0093448952,0.5114663835,0.6906089974,0.0129028320,0.7229870469,-0.0135077597,0.9982541426,0.0373143215,0.0457854592
0.4245651472,0.0083859825,0.5121285492,0.6896747495,0.0115639487,0.7239251883,-0.0121382344,0.9982651139,0.0334857351,0.0484300301
0.4245670199,0.0073075482,0.5127706620,0.6887681087,0.0100642630,0.7248344833,-0.0105912640,0.9982725658,0.0291796994,0.0509944061
0.4245668132,0.0061112998,0.5133882563,0.6878946817,0.0084066056,0.7257076421,-0.0088687092,0.9982717435,0.0244029517,0.0534604717
0.4245632208,0.0047995548,0.5139769042,0.6870599787,0.0065945565,0.7265373138,-0.0069734688,0.9982574487,0.0191647654,0.0558101951
0.4245548438,0.0033752366,0.5145322361,0.6862693956,0.0046324321,0.7273161307,-0.0049095044,0.9982241170,0.0134769705,0.0580257144
0.4245402125,0.0018418686,0.5150499595,0.6855281978,0.0025252715,0.7280367578,-0.0026818597,0.9981659081,0.0073539619,0.0600894261
0.4245178113,0.0002035655,0.5155258789,0.6848415020,0.0002788202,0.7286919454,-0.0002966730,0.9980768074,0.0008126960,0.0619840787
0.4244861052,-0.0015349777,0.5159559149,0.6842142602,-0.0021004875,0.7292745860,0.0022388194,0.9979507374,-0.0061273287,0.0636928683
0.4244435686,-0.0033684993,0.5163361231,0.6836512417,-0.0046055484,0.7297777736,0.0049162887,0.9977816777,-0.0134441074,0.0651995374
0.4243887147,-0.0052911861,0.5166627127,0.6831570167,-0.0072286125,0.7301948654,0.0077263288,0.9975637905,-0.0211131828,0.0664884753
0.4243201270,-0.0072966925,0.5169320642,0.6827359396,-0.0099613074,0.7305195452,0.0106584835,0.9972915513,-0.0291077191,0.0675448183
0.4242364898,-0.0093781599,0.5171407473,0.6823921320,-0.0127946655,0.7307458857,0.0137012851,0.9969598791,-0.0373985966,0.0683545494
0.4241366198,-0.0115282400,0.5172855375,0.6821294674,-0.0157191525,0.7308684114,0.0168423042,0.9965642669,-0.0459545281,0.0689045960
0.4240194956,-0.0137391191,0.5173634324,0.6819515555,-0.0187246997,0.7308821577,0.0200682128,0.9961009061,-0.0547421958,0.0691829232
0.4238842875,-0.0160025450,0.5173716673,0.6818617288,-0.0218007377,0.7307827270,0.0233648581,0.9955668049,-0.0637264102,0.0691786213
0.4237303834,-0.0183098556,0.5173077295,0.6818630294,-0.0249362324,0.7305663397,0.0267173483,0.9949598952,-0.0728702881,0.0688819869
0.4235574143,-0.0206520098,0.5171693724,0.6819581980,-0.0281197235,0.7302298791,0.0301101480,0.9942791269,-0.0821354492,0.0682845946
0.4233652754,-0.0230196194,0.5169546285,0.6821496647,-0.0313393642,0.7297709278,0.0335271834,0.9935245463,-0.0914822276,0.0673793583
0.4231541443,-0.0254029831,0.5166618208,0.6824395415,-0.0345829625,0.7291877975,0.0369519535,0.9926973564,-0.1008698969,0.0661605818
0.4229244954,-0.0277921226,0.5162895743,0.6828296170,-0.0378380231,0.7284795474,0.0403676485,0.9917999568,-0.1102569039,0.0646239962
0.4226771092,-0.0301768186,0.5158368253,0.6833213538,-0.0410917910,0.7276459946,0.0437572703,0.9908359630,-0.1196011086,0.0627667842
0.4224130779,-0.0325466499,0.5153028306,0.6839158872,-0.0443312933,0.7266877128,0.0471037546,0.9898102029,-0.1288600246,0.0605875913
0.4221338056,-0.0348910321,0.5146871745,0.6846140264,-0.0475433822,0.7256060227,0.0503900930,0.9887286907,-0.1379910579,0.0580865233
0.4218410027,-0.0371992583,0.5139897757,0.6854162577,-0.0507147763,0.7244029708,0.0535994502,0.9875985784,-0.1469517384,0.0552651303
0.4215366762,-0.0394605402,0.5132108919,0.6863227486,-0.0538321004,0.7230813004,0.0567152775,0.9864280861,-0.1556999406,0.0521263794
0.4212231133,-0.0416640502,0.5123511244,0.6873333535,-0.0568819240,0.7216444139,0.0597214182,0.9852264117,-0.1641940907,0.0486746157
0.4209028605,-0.0437989638,0.5114114197,0.6884476200,-0.0598507969,0.7200963273,0.0626022050,0.9840036217,-0.1723933561,0.0449155133
0.4205786973,-0.0458545027,0.5103930719,0.6896647950,-0.0627252827,0.7184416199,0.0653425462,0.9827705256,-0.1802578148,0.0408560190
0.4202536042,-0.0478199777,0.5092977220,0.6909838308,-0.0654919891,0.7166853783,0.0679280019,0.9815385365,-0.1877486038,0.0365042898
0.4199307270,-0.0496848326,0.5081273568,0.6924033904,-0.0681375955,0.7148331381,0.0703448479,0.9803195193,-0.1948280448,0.0318696260
0.4196133356,-0.0514386869,0.5068843064,0.6939218504,-0.0706488778,0.7128908238,0.0725801279,0.9791256300,-0.2014597467,0.0269624032
0.4193047800,-0.0530713792,0.5055712399,0.6955373029,-0.0730127300,0.7108646878,0.0746216936,0.9779691482,-0.2076086861,0.0217940030
0.4190084415,-0.0545730101,0.5041911607,0.6972475542,-0.0752161836,0.7087612520,0.0764582337,0.9768623059,-0.2132412659,0.0163767478
0.4187276825,-0.0559339839,0.5027473995,0.6990501206,-0.0772464244,0.7065872508,0.0780792923,0.9758171134,-0.2183253547,0.0107238377
0.4184657933,-0.0571450504,0.5012436063,0.7009422208,-0.0790908082,0.7043495776,0.0794752773,0.9748451865,-0.2228303094,0.0048492943
0.4182259378,-0.0581973459,0.4996837416,0.7029207647,-0.0807368750,0.7020552367,0.0806374612,0.9739575745,-0.2267269836,-0.0012320889
0.4180110985,-0.0590824323,0.4980720661,0.7049823378,-0.0821723634,0.6997112997,0.0815579740,0.9731645928,-0.2299877247,-0.0075047879
0.4178240218,-0.0597923360,0.4964131286,0.7071231820,-0.0833852255,0.6973248677,0.0822297908,0.9724756594,-0.2325863654,-0.0139525807
0.4176671642,-0.0603195850,0.4947117533,0.7093391717,-0.0843636439,0.6949030404,0.0826467154,0.9718991380,-0.2344982107,-0.0205585698
0.4175426405,-0.0606572451,0.4929730261,0.7116257864,-0.0850960515,0.6924528905,0.0828033609,0.9714421874,-0.2357000273,-0.0273051958
0.4174521747,-0.0607989535,0.4912022792,0.7139780792,-0.0855711552,0.6899814457,0.0826951290,0.9711106192,-0.2361700376,-0.0341742404
0.4173970545,-0.0607389521,0.4894050751,0.7163906416,-0.0857779662,0.6874956762,0.0823181899,0.9709087633,-0.2358879236,-0.0411468216
0.4173780902,-0.0604721176,0.4875871892,0.7188575657,-0.0857058361,0.6850024882,0.0816694625,0.9708393432,-0.2348348439,-0.0482033802
0.4173955789,-0.0599939906,0.4857545918,0.7213724041,-0.0853445019,0.6825087234,0.0807465974,0.9709033610,-0.2329934683,-0.0553236589
0.4174492743,-0.0593008018,0.4839134287,0.7239281282,-0.0846841413,0.6800211635,0.0795479634,0.9710999942,-0.2303480331,-0.0624866773
0.4175383636,-0.0583894970,0.4820700015,0.7265170865,-0.0837154376,0.6775465385,0.0780726373,0.9714265043,-0.2268844199,-0.0696707029
0.4176614514,-0.0572577590,0.4802307470,0.7291309633,-0.0824296591,0.6750915393,0.0763203981,0.9718781600,-0.2225902617,-0.0768532208
0.4178165509,-0.0559040270,0.4784022152,0.7317607413,-0.0808187498,0.6726628327,0.0742917269,0.9724481772,-0.2174550767,-0.0840109057
0.4180010842,-0.0543275145,0.4765910476,0.7343966670,-0.0788754359,0.6702670783,0.0719878103,0.9731276768,-0.2114704318,-0.0911195978
0.4182118901,-0.0525282232,0.4748039542,0.7370282238,-0.0765933459,0.6679109463,0.0694105497,0.9739056644,-0.2046301365,-0.0981542867
0.4184452409,-0.0505069557,0.4730476905,0.7396441135,-0.0739671462,0.6656011346,0.0665625746,0.9747690348,-0.1969304658,-0.1050891067
0.4186968683,-0.0482653242,0.4713290336,0.7422322487,-0.0709926904,0.6633443842,0.0634472600,0.9757026046,-0.1883704100,-0.1118973462
0.4189619978,-0.0458057572,0.4696547584,0.7447797598,-0.0676671813,0.6611474930,0.0600687475,0.9766891764,-0.1789519492,-0.1185514762
0.4192353913,-0.0431315035,0.4680316129,0.7472730186,-0.0639893448,0.6590173234,0.0564319675,0.9777096398,-0.1686803469,-0.1250232010
0.4195113983,-0.0402466323,0.4664662942,0.7496976804,-0.0599596105,0.6569608066,0.0525426650,0.9787431102,-0.1575644562,-0.1312835339
0.4197840155,-0.0371560317,0.4649654237,0.7520387501,-0.0555802977,0.6549849389,0.0484074230,0.9797671117,-0.1456170315,-0.1373029023
0.4200469526,-0.0338654035,0.4635355224,0.7542806703,-0.0508558000,0.6530967711,0.0440336868,0.9807578039,-0.1328550352,-0.1430512839
0.4202937056,-0.0303812552,0.4621829863,0.7564074369,-0.0457927638,0.6513033888,0.0394297845,0.9816902563,-0.1192999289,-0.1484983756
0.4205176357,-0.0267108892,0.4609140621,0.7584027415,-0.0404002526,0.6496118835,0.0346049437,0.9825387697,-0.1049779368,-0.1536137974
0.4207120534,-0.0228623889,0.4597348231,0.7602501401,-0.0346898917,0.6480293143,0.0295693030,0.9832772422,-0.0899202669,-0.1583673282
0.4208703064,-0.0188446024,0.4586511453,0.7619332486,-0.0286759824,0.6465626599,0.0243339157,0.9838795780,-0.0741632777,-0.1627291747
0.4209858704,-0.0146671224,0.4576686838,0.7634359613,-0.0223755798,0.6452187614,0.0189107465,0.9843201329,-0.0577485756,-0.1666702672
0.4210524422,-0.0103402645,0.4567928498,0.7647426888,-0.0158085253,0.6440042574,0.0133126576,0.9845741879,-0.0407230303,-0.1701625791
0.4210640329,-0.0058750417,0.4560287888,0.7658386105,-0.0089974254,0.6429255131,0.0075533856,0.9846184412,-0.0231386974,-0.1731794619
0.4210150607,-0.0012831363,0.4553813579,0.7667099339,-0.0019675737,0.6419885448,0.0016475067,0.9844315063,-0.0050526391,-0.1756959882
0.4209004414,0.0034231299,0.4548551058,0.7673441538,0.0052531912,0.6411989433,-0.0043896088,0.9839944023,0.0134733626,-0.1776892929
0.4207156766,0.0082308290,0.4544542518,0.7677303009,0.0126346908,0.6405617995,-0.0105418534,0.9832910201,0.0323732012,-0.1791389007
0.4204569360,0.0131264628,0.4541826673,0.7678591715,0.0201446752,0.6400816342,-0.0167924498,0.9823085498,0.0515769465,-0.1800270304
0.4201211354,0.0180960000,0.4540438569,0.7677235288,0.0277491499,0.6397623366,-0.0231240288,0.9810378530,0.0710114440,-0.1803388640
0.4197060062,0.0231249170,0.4540409411,0.7673182664,0.0354127543,0.6396071141,-0.0295187155,0.9794737658,0.0906009983,-0.1800627701
0.4192101580,0.0281982399,0.4541766406,0.7666405266,0.0430991806,0.6396184564,-0.0359582235,0.9776153205,0.1102681255,-0.1791904728
0.4186331307,0.0333005889,0.4544532611,0.7656897685,0.0507716221,0.6397981157,-0.0424239548,0.9754658762,0.1299343526,-0.1777171583
0.4179754372,0.0384162245,0.4548726793,0.7644677811,0.0583932346,0.6401471042,-0.0488971033,0.9730331527,0.1495210402,-0.1756415165
0.4172385944,0.0435290956,0.4554363308,0.7629786418,0.0659275975,0.6406657099,-0.0553587594,0.9703291663,0.1689502043,-0.1729657119
0.4164251421,0.0486228892,0.4561451988,0.7612286202,0.0733391577,0.6413535296,-0.0617900148,0.9673700694,0.1881453107,-0.1696952884
0.4155386494,0.0536810811,0.4569998042,0.7592260332,0.0805936432,0.6422095180,-0.0681720627,0.9641758999,0.2070320189,-0.1658390097
0.4145837079,0.0586869890,0.4580001979,0.7569810566,0.0876584323,0.6432320509,-0.0744862936,0.9607702516,0.2255388528,-0.1614086416
0.4135659115,0.0636238253,0.4591459534,0.7545055003,0.0945028706,0.6444189987,-0.0807143821,0.9571798765,0.2435977811,-0.1564186852
0.4124918220,0.0684747522,0.4604361617,0.7518125591,0.1010985252,0.6457678086,-0.0868383645,0.9534342363,0.2611446923,-0.1508860717
0.4113689220,0.0732229367,0.4618694280,0.7489165458,0.1074193747,0.6472755898,-0.0928407037,0.9495650171,0.2781197565,-0.1448298292
0.4102055532,0.0778516067,0.4634438688,0.7458326182,0.1134419326,0.6489392010,-0.0987043411,0.9456056243,0.2944676685,-0.1382707330
0.4090108423,0.0823441074,0.4651571123,0.7425765093,0.1191453063,0.6507553340,-0.1044127340,0.9415906744,0.3101377743,-0.1312309524
0.4077946143,0.0866839579,0.4670062988,0.7391642673,0.1245111952,0.6527205929,-0.1099498782,0.9375554962,0.3250840846,-0.1237337037
0.4065672934,0.0908549081,0.4689880836,0.7356120142,0.1295238359,0.6548315647,-0.1153003138,0.9335356547,0.3392651844,-0.1158029189
0.4053397942,0.0948409951,0.4710986415,0.7319357265,0.1341698997,0.6570848806,-0.1204491178,0.9295665068,0.3526440502,-0.1074629394
0.4041234016,0.0986265999,0.4733336729,0.7281510439,0.1384383535,0.6594772655,-0.1253818800,0.9256827966,0.3651877872,-0.0987382408
0.4029296430,0.1021965027,0.4756884113,0.7242731059,0.1423202898,0.6620055760,-0.1300846665,0.9219182945,0.3768673018,-0.0896531937
0.4017701533,0.1055359386,0.4781576324,0.7203164192,0.1458087379,0.6646668250,-0.1345439702,0.9183054817,0.3876569235,-0.0802318637
0.4006565339,0.1086306515,0.4807356654,0.7162947545,0.1488984610,0.6674581934,-0.1387466502,0.9148752803,0.3975339911,-0.0704978541
0.3996002078,0.1114669479,0.4834164053,0.7122210720,0.1515857487,0.6703770301,-0.1426798617,0.9116568267,0.4064784161,-0.0604741891
0.3986122724,0.1140317482,0.4861933271,0.7081074734,0.1538682106,0.6734208377,-0.1463309782,0.9086772844,0.4144722370,-0.0501832403
0.3977033516,0.1163126376,0.4890595009,0.7039651790,0.1557445757,0.6765872476,-0.1496875087,0.9059616907,0.4214991753,-0.0396466923
0.3968834498,0.1182979154,0.4920076097,0.6998045255,0.1572145036,0.6798739823,-0.1527370097,0.9035328328,0.4275442025,-0.0288855481
0.3961618085,0.1199766417,0.4950299676,0.6956349837,0.1582784084,0.6832788067,-0.1554669971,0.9014111454,0.4325931280,-0.0179201703
0.3955467683,0.1213386829,0.4981185397,0.6914651927,0.1589373008,0.6867994676,-0.1578648567,0.8996146240,0.4366322144,-0.0067703567
0.3950456385,0.1223747549,0.5012649636,0.6873030078,0.1591926480,0.6904336222,-0.1599177587,0.8981587476,0.4396478263,0.0045445525
0.3946645747,0.1230764637,0.5044605719,0.6831555607,0.1590462531,0.6941787554,-0.1616125761,0.8970564044,0.4416261201,0.0160055384
0.3944084682,0.1234363443,0.5076964162,0.6790293297,0.1585001561,0.6980320848,-0.1629358108,0.8963178145,0.4425527775,0.0275937398
0.3942808464,0.1234478961,0.5109632921,0.6749302181,0.1575565544,0.7019904551,-0.1638735300,0.8959504444,0.4424127893,0.0392902657
0.3942837890,0.1231056160,0.5142517653,0.6708636402,0.1562177457,0.7060502188,-0.1644113154,0.8959589099,0.4411902942,0.0510759843
0.3944178582,0.1224050294,0.5175521988,0.6668346133,0.1544860904,0.7102071063,-0.1645342293,0.8963448625,0.4388684768,0.0629312929
0.3946820466,0.1213427164,0.5208547813,0.6628478546,0.1523639954,0.7144560814,-0.1642268016,0.8971068582,0.4354295323,0.0748358692
0.3950737422,0.1199163370,0.5241495557,0.6589078839,0.1498539179,0.7187911858,-0.1634730408,0.8982402071,0.4308547015,0.0867684077
0.3955887131,0.1181246516,0.5274264495,0.6550191293,0.1469583893,0.7232053703,-0.1622564771,0.8997368029,0.4251243854,0.0987063440
0.3962211113,0.1159675387,0.5306753048,0.6511860376,0.1436800571,0.7276903154,-0.1605602394,0.9015849375,0.4182183443,0.1106255712
0.3969634962,0.1134460093,0.5338859098,0.6474131865,0.1400217469,0.7322362420,-0.1583671755,0.9037691002,0.4101159910,0.1225001528
0.3978068789,0.1105622179,0.5370480300,0.6437053995,0.1359865406,0.7368317157,-0.1556600210,0.9062697723,0.4007967841,0.1343020388
0.3987407866,0.1073194695,0.5401514406,0.6400678618,0.1315778721,0.7414634479,-0.1524216236,0.9090632216,0.3902407308,0.1460007918
0.3997533466,0.1037222236,0.5431859588,0.6365062336,0.1267996369,0.7461161002,-0.1486352303,0.9121213111,0.3784290024,0.1575633334
0.4008313904,0.0997760941,0.5461414762,0.6330267611,0.1216563157,0.7507720988,-0.1442848440,0.9154113350,0.3653446700,0.1689537212
0.4019605762,0.0954878457,0.5490079915,0.6296363797,0.1161531080,0.7554114682,-0.1393556546,0.9188958993,0.3509735595,0.1801329696
0.4031255285,0.0908653868,0.5517756434,0.6263428061,0.1102960733,0.7600116969,-0.1338345472,0.9225328677,0.3353052234,0.1910589310
0.4043099952,0.0859177582,0.5544347429,0.6231546132,0.1040922768,0.7645476478,-0.1277106896,0.9262753945,0.3183340215,0.2016862519
0.4054970187,0.0806551188,0.5569758061,0.6200812837,0.0975499344,0.7689915295,-0.1209761934,0.9300720702,0.3000602932,0.2119664237
0.4066691204,0.0750887268,0.5593895858,0.6171332330,0.0906785533,0.7733129469,-0.1136268402,0.9338672031,0.2804915971,0.2218479454
0.4078084967,0.0692309180,0.5616671034,0.6143217955,0.0834890617,0.7774790471,-0.1056628572,0.9376012628,0.2596439845,0.2312766162
0.4088972234,0.0630950798,0.5637996804,0.6116591676,0.0759939237,0.7814547801,-0.0970897161,0.9412115036,0.2375432596,0.2401959726
0.4099174675,0.0566956220,0.5657789684,0.6091582990,0.0682072327,0.7852032875,-0.0879189259,0.9446327847,0.2142261733,0.2485478803
0.4108517033,0.0500479444,0.5675969792,0.6068327299,0.0601447792,0.7886864307,-0.0781687751,0.9477985922,0.1897414848,0.2562732869
0.4116829300,0.0431683996,0.5692461139,0.6046963698,0.0518240875,0.7918654616,-0.0678649765,0.9506422590,0.1641508198,0.2633131286
0.4123948884,0.0360742546,0.5707191908,0.6027632207,0.0432644191,0.7947018284,-0.0570411594,0.9530983618,0.1375292518,0.2696093797
0.4129722750,0.0287836467,0.5720094727,0.6010470500,0.0344867393,0.7971581012,-0.0457391541,0.9551042616,0.1099655346,0.2751062170
0.4134009489,0.0213155383,0.5731106926,0.5995610250,0.0255136473,0.7991989852,-0.0340090168,0.9566017373,0.0815619240,0.2797512622
0.4136681301,0.0136896674,0.5740170787,0.5983173243,0.0163692686,0.8007923783,-0.0219087515,0.9575386457,0.0524335422,0.2834968530
0.4137625870,0.0059264953,0.5747233776,0.5973267476,0.0070791139,0.8019104204,-0.0095037017,0.9578705310,0.0227072609,0.2863012855
0.4136748086,-0.0019528476,0.5752248768,0.5965983479,-0.0023300958,0.8025304714,0.0031343916,0.9575620999,-0.0074798915,0.2881299639
0.4133971615,-0.0099266201,0.5755174249,0.5961391108,-0.0118306317,0.8026359541,0.0159286486,0.9565884761,-0.0379827616,0.2889563934
0.4129240272,-0.0179725294,0.5755974509,0.5959537052,-0.0213939846,0.8022170035,0.0287985763,0.9549361586,-0.0686504729,0.2887629573
0.4122519189,-0.0260677942,0.5754619817,0.5960443248,-0.0309911117,0.8012708711,0.0416617927,0.9526036202,-0.0993291004,0.2875414277
0.4113795751,-0.0341892083,0.5751086578,0.5964106337,-0.0405926985,0.7998020545,0.0544358564,0.9496015037,-0.1298644945,0.2852931777
0.4103080295,-0.0423132079,0.5745357476,0.5970498215,-0.0501694285,0.7978221380,0.0670401017,0.9459524030,-0.1601051229,0.2820290782
0.4090406541,-0.0504159393,0.5737421591,0.5979567641,-0.0596922566,0.7953493569,0.0793973758,0.9416902385,-0.1899047916,0.2777690856
0.4075831754,-0.0584733286,0.5727274510,0.5991242777,-0.0691326761,0.7924079167,0.0914355867,0.9368592679,-0.2191251193,0.2725415459
0.4059436637,-0.0664611532,0.5714918405,0.6005434485,-0.0784629745,0.7890271157,0.1030889849,0.9315127933,-0.2476376579,0.2663822561
0.4041324925,-0.0743551140,0.5700362103,0.6022040128,-0.0876564688,0.7852403323,0.1142991299,0.9257116419,-0.2753255787,0.2593333410
0.4021622707,-0.0821309086,0.5683621131,0.6040947631,-0.0966877119,0.7810839418,0.1250155170,0.9195225090,-0.3020848764,0.2514420071
0.4000477456,-0.0897643052,0.5664717738,0.6062039570,-0.1055326650,0.7765962251,0.1351958666,0.9130162491,-0.3278250771,0.2427592383
0.3978056785,-0.0972312177,0.5643680902,0.6085197037,-0.1141688288,0.7718163264,0.1448061016,0.9062661984,-0.3524694642,0.2333384975
0.3954546934,-0.1045077797,0.5620546314,0.6110303145,-0.1225753297,0.7667833033,0.1538200544,0.8993465982,-0.3759548648,0.2232344866
0.3930150993,-0.1115704200,0.5595356341,0.6137246034,-0.1307329596,0.7615353013,0.1622189549,0.8923311734,-0.3982310551,0.2125020089
0.3905086893,-0.1183959368,0.5568159968,0.6165921307,-0.1386241695,0.7561088717,0.1699907592,0.8852919048,-0.4192598576,0.2011949680
0.3879585166,-0.1249615724,0.5539012719,0.6196233889,-0.1462330182,0.7505384376,0.1771293708,0.8782980154,-0.4390140040,0.1893655205
0.3853886509,-0.1312450864,0.5507976559,0.6228099322,-0.1535450807,0.7448559060,0.1836338091,0.8714151766,-0.4574758407,0.1770633932
0.3828239166,-0.1372248291,0.5475119774,0.6261444530,-0.1605473207,0.7390904141,0.1895073655,0.8647049265,-0.4746359429,0.1643353636
0.3802896171,-0.1428798121,0.5440516827,0.6296208148,-0.1672279335,0.7332681932,0.1947567834,0.8582242857,-0.4904916986,0.1512248957
0.3778112462,-0.1481897796,0.5404248203,0.6332340453,-0.1735761644,0.7274125337,0.1993914864,0.8520255437,-0.5050459102,0.1377719181
0.3754141916,-0.1531352767,0.5366400224,0.6369802998,-0.1795821091,0.7215438299,0.2034228732,0.8461561929,-0.5183054510,0.1240127275
0.3731234323,-0.1576977163,0.5327064849,0.6408568003,-0.1852365007,0.7156796875,0.2068636876,0.8406589778,-0.5302800038,0.1099800007
0.3709632351,-0.1618594439,0.5286339457,0.6448617558,-0.1905304894,0.7098350771,0.2097274702,0.8355720333,-0.5409808987,0.0957028970
0.3689568525,-0.1656038009,0.5244326607,0.6489942706,-0.1954554167,0.7040225185,0.2120280886,0.8309290849,-0.5504200588,0.0812072337
0.3671262253,-0.1689151839,0.5201133784,0.6532542411,-0.2000025889,0.6982522839,0.2137793461,0.8267596864,-0.5586090580,0.0665157217
0.3654916958,-0.1717791033,0.5156873123,0.6576422469,-0.2041630521,0.6925326123,0.2149946608,0.8230894741,-0.5655582872,0.0516482464
0.3640717323,-0.1741822373,0.5111661120,0.6621594339,-0.2079273694,0.6868699243,0.2156868107,0.8199404181,-0.5712762258,0.0366221863
0.3628826708,-0.1761124838,0.5065618331,0.6668073926,-0.2112854024,0.6812690366,0.2158677365,0.8173310568,-0.5757688101,0.0214527598
0.3619384756,-0.1775590094,0.5018869041,0.6715880293,-0.2142260982,0.6757333693,0.2155483969,0.8152766995,-0.5790388924,0.0061533956
0.3612505238,-0.1785122935,0.4971540937,0.6765034283,-0.2167372816,0.6702651462,0.2147386689,0.8137895880,-0.5810857830,-0.0092638756
0.3608274149,-0.1789641707,0.4923764758,0.6815557047,-0.2188054547,0.6648655875,0.2134472886,0.8128790059,-0.5819048688,-0.0247880112
0.3606748098,-0.1789078684,0.4875673929,0.6867468414,-0.2204156043,0.6595350946,0.2116818275,0.8125513302,-0.5814873058,-0.0404085257
0.3607953005,-0.1783380404,0.4827404195,0.6920785111,-0.2215510195,0.6542734303,0.2094487015,0.8128100163,-0.5798197820,-0.0561150396
0.3611883139,-0.1772507971,0.4779093233,0.6975518750,-0.2221931220,0.6490798942,0.2067532084,0.8136555127,-0.5768843526,-0.0718968035
0.3618500507,-0.1756437313,0.4730880262,0.7031673562,-0.2223213144,0.6439534981,0.2035995938,0.8150850990,-0.5726583524,-0.0877421953
0.3627734607,-0.1735159397,0.4682905643,0.7089243828,-0.2219128499,0.6388931436,0.1999911439,0.8170926456,-0.5671143930,-0.1036381869
0.3639482566,-0.1708680403,0.4635310469,0.7148210943,-0.2209427347,0.6338978048,0.1959303042,0.8196682907,-0.5602204580,-0.1195697778
0.3653609652,-0.1677021847,0.4588236155,0.7208540085,-0.2193836707,0.6289667213,0.1914188260,0.8227980351,-0.5519401122,-0.1355193931
0.3669950184,-0.1640220671,0.4541824017,0.7270176430,-0.2172060538,0.6240996023,0.1864579397,0.8264632573,-0.5422328473,-0.1514662462
0.3688308812,-0.1598329273,0.4496214852,0.7333040901,-0.2143780442,0.6192968479,0.1810485566,0.8306401521,-0.5310545882,-0.1673856688
0.3708462180,-0.1551415504,0.4451548515,0.7397025420,-0.2108657304,0.6145597865,0.1751915005,0.8352991053,-0.5183583930,-0.1832484139
0.3730160951,-0.1499562609,0.4407963492,0.7461987706,-0.2066334115,0.6098909330,0.1688877670,0.8404040179,-0.5040953765,-0.1990199440
0.3753132172,-0.1442869124,0.4365596479,0.7527745651,-0.2016440285,0.6052942635,0.1621388121,0.8459116055,-0.4882158950,-0.2146597203
0.3777081973,-0.1381448733,0.4324581957,0.7594071428,-0.1958597760,0.6007755060,0.1549468650,0.8517707045,-0.4706710241,-0.2301205208
0.3801698557,-0.1315430063,0.4285051774,0.7660685497,-0.1892429300,0.5963424383,0.1473152635,0.8579216295,-0.4514143612,-0.2453478188
0.3826655464,-0.1244956450,0.4247134728,0.7727250828,-0.1817569273,0.5920051829,0.1392488032,0.8642956387,-0.4304041720,-0.2602792685
0.3851615074,-0.1170185646,0.4210956158,0.7793367740,-0.1733677254,0.5877764814,0.1307540912,0.8708145750,-0.4076058864,-0.2748443510
0.3876232304,-0.1091289488,0.4176637544,0.7858569900,-0.1640454634,0.5836719264,0.1218398931,0.8773907630,-0.3829949265,-0.2889642455
0.3900158470,-0.1008453515,0.4144296105,0.7922322160,-0.1537664278,0.5797101202,0.1125174571,0.8839272514,-0.3565598174,-0.3025519969
0.3923045268,-0.0921876549,0.4114044420,0.7984021023,-0.1425152978,0.5759127267,0.1028007987,0.8903184906,-0.3283054951,-0.3155130540
0.3944548820,-0.0831770227,0.4085990050,0.8042998588,-0.1302876098,0.5723043782,0.0927069285,0.8964515329,-0.2982566780,-0.3277462482
0.3964333764,-0.0738358490,0.4060235177,0.8098530856,-0.1170923345,0.5689123961,0.0822560064,0.9022078231,-0.2664611224,-0.3391452700
0.3982077302,-0.0641877037,0.4036876250,0.8149851087,-0.1029544083,0.5657662946,0.0714714091,0.9074656169,-0.2329925364,-0.3496006752
0.3997473203,-0.0542572731,0.4016003651,0.8196168668,-0.0879170056,0.5628970450,0.0603797026,0.9121030194,-0.1979528906,-0.3590024165
0.4010235670,-0.0440702978,0.3997701374,0.8236693432,-0.0720433008,0.5603360999,0.0490105193,0.9160015756,-0.1614738488,-0.3672428482
0.4020103056,-0.0336535054,0.3982046722,0.8270664756,-0.0554174454,0.5581142043,0.0373963452,0.9190502761,-0.1237170537,-0.3742200966
0.4026841366,-0.0230345413,0.3969110015,0.8297383996,-0.0381445016,0.5562600527,0.0255722315,0.9211497717,-0.0848730498,-0.3798416296
0.4030247502,-0.0122418950,0.3958954328,0.8316248063,-0.0203491359,0.5547988838,0.0135754463,0.9222165314,-0.0451587116,-0.3840278115
0.4030152212,-0.0013048239,0.3951635234,0.8326781334,-0.0021729818,0.5537511318,0.0014450855,0.9221866374,-0.0048131645,-0.3867151915
0.4026422703,0.0097467260,0.3947200579,0.8328662827,0.0162292743,0.5531312621,-0.0107783436,0.9210189068,0.0359076759,-0.3878592685
0.4018964874,0.0208822021,0.3945690276,0.8321745703,0.0346948633,0.5529469177,-0.0230533573,0.9186970610,0.0767376709,-0.3874364979
0.4007725149,0.0320705297,0.3947136111,0.8306066841,0.0530585963,0.5531984736,-0.0353379464,0.9152307360,0.1174077380,-0.3854453567
0.3992691867,0.0432801986,0.3951561587,0.8281845309,0.0711587467,0.5538790510,-0.0475900450,0.9106552282,0.1576533564,-0.3819063690
0.3973896216,0.0544793518,0.3958981777,0.8249469844,0.0888426472,0.5549749912,-0.0597680194,0.9050299927,0.1972217895,-0.3768610860
0.3951412687,0.0656358764,0.3969403212,0.8209476777,0.1059715385,0.5564667338,-0.0718311745,0.8984360256,0.2358785436,-0.3703701130
0.3925359029,0.0767174947,0.3982823785,0.8162520851,0.1224243147,0.5583299996,-0.0837402670,0.8909723630,0.2734126703,-0.3625103585
0.3895895716,0.0876918583,0.3999232685,0.8109341942,0.1380999678,0.5605371533,-0.0954580080,0.8827519939,0.3096406512,-0.3533717369
0.3863224891,0.0985266416,0.4018610356,0.8050730816,0.1529186908,0.5630586165,-0.1069495285,0.8738975073,0.3444087460,-0.3430535854
0.3827588826,0.1091896368,0.4040928475,0.7987496645,0.1668217485,0.5658642131,-0.1181827820,0.8645367841,0.3775938299,-0.3316610447
0.3789267880,0.1196488494,0.4066149966,0.7920438399,0.1797703237,0.5689243575,-0.1291288572,0.8547989926,0.4091028637,-0.3193016273
0.3748577981,0.1298725932,0.4094229032,0.7850321396,0.1917436067,0.5722110283,-0.1397621840,0.8448110853,0.4388712255,-0.3060821419
0.3705867662,0.1398295858,0.4125111215,0.7777859568,0.2027364050,0.5756985020,-0.1500606222,0.8346949182,0.4668601786,-0.2921060890
0.3661514650,0.1494890433,0.4158733487,0.7703703347,0.2127565256,0.5793638489,-0.1600054337,0.8245650440,0.4930537581,-0.2774715836
0.3615922076,0.1588207743,0.4195024357,0.7628432636,0.2218221399,0.5831872151,-0.1695811475,0.8145271709,0.5174553440,-0.2622698131
0.3569514313,0.1677952733,0.4233904014,0.7552554052,0.2299592844,0.5871519233,-0.1787753324,0.8046772324,0.5400841445,-0.2465839990
0.3522732503,0.1763838119,0.4275284488,0.7476501544,0.2371996004,0.5912444321,-0.1875782974,0.7951009875,0.5609717722,-0.2304888077
0.3476029807,0.1845585296,0.4319069841,0.7400639487,0.2435783663,0.5954541941,-0.1959827391,0.7858740535,0.5801590391,-0.2140501375
0.3429866438,0.1922925217,0.4365156383,0.7325267442,0.2491328432,0.5997734455,-0.2039833561,0.7770622716,0.5976930550,-0.1973252091
0.3384704528,0.1995599259,0.4413432907,0.7250625916,0.2539009268,0.6041969582,-0.2115764480,0.7687223122,0.6136246707,-0.1803628847
0.3341002880,0.2063360059,0.4463780955,0.7176902587,0.2579200808,0.6087217763,-0.2187595106,0.7609024370,0.6280062790,-0.1632041511
0.3299211672,0.2125972327,0.4516075103,0.7104238602,0.2612265199,0.6133469527,-0.2255308400,0.7536433467,0.6408899597,-0.1458827116
0.3259767168,0.2183213626,0.4570183269,0.7032734651,0.2638546054,0.6180732986,-0.2318891503,0.7469790603,0.6523259451,-0.1284256391
0.3223086502,0.2234875128,0.4625967046,0.6962456668,0.2658364175,0.6229031504,-0.2378332101,0.7409377815,0.6623613678,-0.1108540589
0.3189562590,0.2280762327,0.4683282051,0.6893441022,0.2672014693,0.6278401589,-0.2433614975,0.7355427219,0.6710392519,-0.0931838328
0.3159559238,0.2320695717,0.4741978301,0.6825699178,0.2679765335,0.6328890996,-0.2484718745,0.7308128582,0.6783977079,-0.0754262303
0.3133406503,0.2354511438,0.4801900598,0.6759221813,0.2681855554,0.6380557030,-0.2531612778,0.7267636093,0.6844692924,-0.0575885746
0.3111396356,0.2382061875,0.4862888946,0.6693982409,0.2678496330,0.6433465019,-0.2574254217,0.7234074238,0.6892804977,-0.0396748616
0.3093778727,0.2403216212,0.4924778974,0.6629940373,0.2669870441,0.6487686914,-0.2612585114,0.7207542726,0.6928513410,-0.0216863505
0.3080757949,0.2417860947,0.4987402375,0.6567043734,0.2656133106,0.6543299974,-0.2646529608,0.7188120437,0.6951950273,-0.0036221297
0.3072489675,0.2425900357,0.5050587373,0.6505231482,0.2637412882,0.6600385460,-0.2675991114,0.7175868369,0.6963176656,0.0145203332
0.3069078310,0.2427256915,0.5114159185,0.6444435607,0.2613812758,0.6659027308,-0.2700849476,0.7170831575,0.6962180212,0.0327446515
0.3070574971,0.2421871656,0.5177940509,0.6384582925,0.2585411394,0.6719310680,-0.2720958063,0.7173040052,0.6948872956,0.0510549759
0.3076976045,0.2409704491,0.5241752018,0.6325596735,0.2552264498,0.6781320339,-0.2736140775,0.7182508567,0.6923089261,0.0694554376
0.3088222333,0.2390734472,0.5305412864,0.6267398397,0.2514406322,0.6845138749,-0.2746188938,0.7199235360,0.6884584059,0.0879495635
0.3104198830,0.2364959997,0.5368741188,0.6209908911,0.2471851303,0.6910843807,-0.2750858107,0.7223199669,0.6833031308,0.1065396491
0.3124735130,0.2332398966,0.5431554643,0.6153050552,0.2424595873,0.6978506099,-0.2749864794,0.7254357995,0.6768022835,0.1252260751
0.3149606485,0.2293088878,0.5493670916,0.6096748680,0.2372620487,0.7048185541,-0.2742883180,0.7292639013,0.6689067764,0.1440065512
0.3178535487,0.2247086869,0.5554908252,0.6040933787,0.2315891909,0.7119927287,-0.2729541918,0.7337937053,0.6595592798,0.1628752730
0.3211194391,0.2194469700,0.5615085993,0.5985543897,0.2254365833,0.7193756727,-0.2709421175,0.7390104030,0.6486943751,0.1818219790
0.3247208045,0.2135333683,0.5674025099,0.5930527418,0.2187989898,0.7269673423,-0.2682050161,0.7448939779,0.6362388806,0.2008308950
0.3286157410,0.2069794547,0.5731548686,0.5875846548,0.2116707170,0.7347643810,-0.2646905465,0.7514180748,0.6221124135,0.2198795621
0.3327583635,0.1997987253,0.5787482548,0.5821481339,0.2040460150,0.7427592503,-0.2603410650,0.7585487092,0.6062282606,0.2389375480
0.3370992649,0.1920065745,0.5841655682,0.5767434509,0.1959195367,0.7509392085,-0.2550937711,0.7662428342,0.5884946474,0.2579650539
0.3415860234,0.1836202652,0.5893900806,0.5713737048,0.1872868566,0.7592851325,-0.2488811168,0.7744467943,0.5688165030,0.2769114456
0.3461637506,0.1746588923,0.5944054872,0.5660454614,0.1781450479,0.7677701865,-0.2416315755,0.7830947217,0.5470978266,0.2957137550
0.3507756780,0.1651433415,0.5991959564,0.5607694628,0.1684933092,0.7763583630,-0.2332708866,0.7921069571,0.5232447590,0.3142952287
0.3553637719,0.1550962424,0.6037461791,0.5555613830,0.1583336252,0.7850029471,-0.2237239056,0.8013886119,0.4971694495,0.3325640258
0.3598693738,0.1445419155,0.6080414169,0.5504425882,0.1476714345,0.7936449904,-0.2129171993,0.8108284287,0.4687947769,0.3504122091
0.3642338567,0.1335063152,0.6120675485,0.5454408361,0.1365162707,0.8022119327,-0.2007825122,0.8202981350,0.4380599254,0.3677152043
0.3683992909,0.1220169664,0.6158111154,0.5405908218,0.1248823281,0.8106165630,-0.1872611955,0.8296525198,0.4049267344,0.3843319350
0.3723091120,0.1101028968,0.6192593650,0.5359344490,0.1127889030,0.8187565744,-0.1723096099,0.8387304834,0.3693866233,0.4001058594
0.3759087832,0.0977945642,0.6224002926,0.5315206840,0.1002606563,0.8265150171,-0.1559053872,0.8473573016,0.3314677522,0.4148671265
0.3791464445,0.0851237793,0.6252226816,0.5274048399,0.0873276565,0.8337619800,-0.1380542503,0.8553482988,0.2912419191,0.4284360306
0.3819735404,0.0721236233,0.6277161413,0.5236471573,0.0740251794,0.8403578012,-0.1187968580,0.8625140299,0.2488305479,0.4406278550
0.3843454199,0.0588283625,0.6298711430,0.5203106007,0.0603932743,0.8461580025,-0.0982148976,0.8686669185,0.2044090095,0.4512590625
0.3862219000,0.0452733577,0.6316790532,0.5174578847,0.0464761414,0.8510199345,-0.0764354433,0.8736291013,0.1582084913,0.4601546117
0.3875677868,0.0314949706,0.6331321652,0.5151478793,0.0323213968,0.8548108226,-0.0536325216,0.8772410089,0.1105147191,0.4671559796
0.3883533475,0.0175304659,0.6342237275,0.5134316933,0.0179793193,0.8574165511,-0.0300249598,0.8793700068,0.0616630638,0.4721292807
0.3885547263,0.0034179112,0.6349479705,0.5123488689,0.0035021622,0.8587502050,-0.0058699896,0.8799182771,0.0120299302,0.4749727429
0.3881543002,-0.0108039274,0.6353001296,0.5119241896,-0.0110564237,0.8587592082,0.0185472886,0.8788290901,-0.0379792227,0.4756227592
0.3871409680,-0.0250956914,0.6352764661,0.5121655793,-0.0256418642,0.8574299533,0.0429277236,0.8760907237,-0.0879444097,0.4740578284
0.3855103696,-0.0394175389,0.6348742852,0.5130634270,-0.0401990928,0.8547891427,0.0669736844,0.8717375311,-0.1374469922,0.4702999057
0.3832650314,-0.0537292557,0.6340919511,0.5145914526,-0.0546730304,0.8509015971,0.0904044726,0.8658480048,-0.1860854756,0.4644129934
0.3804144353,-0.0679903683,0.6329288990,0.5167089710,-0.0690091946,0.8458648936,0.1129696953,0.8585400622,-0.2334898201,0.4564991407
0.3769750092,-0.0821602579,0.6313856439,0.5193641965,-0.0831544761,0.8398017029,0.1344591544,0.8499641123,-0.2793330827,0.4466923289
0.3729700387,-0.0961982764,0.6294637874,0.5224981018,-0.0970580613,0.8328509737,0.1547085063,0.8402946903,-0.3233396035,0.4351509327
0.3684294991,-0.1100638627,0.6271660198,0.5260483302,-0.1106724206,0.8251591165,0.1736006970,0.8297215321,-0.3652894272,0.4220495392
0.3633898084,-0.1237166595,0.6244961202,0.5299527415,-0.1239542542,0.8168721235,0.1910637815,0.8184409054,-0.4050190993,0.4075708694
0.3578935045,-0.1371166308,0.6214589533,0.5341523063,-0.1368652845,0.8081292206,0.2070661016,0.8066478521,-0.4424193428,0.3918984151
0.3519888469,-0.1502241783,0.6180604625,0.5385932203,-0.1493728101,0.7990582983,0.2216098884,0.7945297806,-0.4774303337,0.3752102134
0.3457293488,-0.1630002587,0.6143076606,0.5432282343,-0.1614499776,0.7897730761,0.2347242603,0.7822616142,-0.5100353819,0.3576739803
0.3391732420,-0.1754064986,0.6102086168,0.5480172943,-0.1730757692,0.7803717700,0.2464583614,0.7700025108,-0.5402537775,0.3394436466
0.3323828814,-0.1874053096,0.6057724408,0.5529276283,-0.1842347357,0.7709369375,0.2568751418,0.7578940170,-0.5681334517,0.3206572001
0.3254240935,-0.1989600008,0.6010092635,0.5579334361,-0.1949165286,0.7615361635,0.2660460474,0.7460594329,-0.5937439416,0.3014356554
0.3183654773,-0.2100348903,0.5959302154,0.5630153227,-0.2051152907,0.7522232811,0.2740467101,0.7346041255,-0.6171699877,0.2818829278
0.3112776632,-0.2205954139,0.5905474007,0.5681595944,-0.2148289641,0.7430398792,0.2809536072,0.7236165281,-0.6385059500,0.2620863829
0.3042325396,-0.2306082315,0.5848738700,0.5733575087,-0.2240585666,0.7340169140,0.2868415868,0.7131695888,-0.6578511104,0.2421178518
0.2973024533,-0.2400413309,0.5789235885,0.5786045393,-0.2328074752,0.7251762944,0.2917821253,0.7033224717,-0.6753058487,0.2220349332
0.2905593952,-0.2488641283,0.5727114026,0.5838996959,-0.2410807436,0.7165323639,0.2958421735,0.6941223564,-0.6909686206,0.2018824404
0.2840741781,-0.2570475647,0.5662530032,0.5892449211,-0.2488844717,0.7080932327,0.2990834607,0.6856062239,-0.7049336407,0.1816938854
0.2779156171,-0.2645641997,0.5595648863,0.5946445713,-0.2562252331,0.6998619431,0.3015621401,0.6778025510,-0.7172891580,0.1614929276
0.2721497214,-0.2713883004,0.5526643111,0.6001049820,-0.2631095622,0.6918374664,0.3033286815,0.6707328674,-0.7281162117,0.1412947377
0.2668389078,-0.2774959261,0.5455692560,0.6056341115,-0.2695434983,0.6840155396,0.3044279342,0.6644131465,-0.7374877657,0.1211072510
0.2620412434,-0.2828650085,0.5382983713,0.6112412545,-0.2755321762,0.6763893585,0.3048993020,0.6588550236,-0.7454681275,0.1009322973
0.2578097288,-0.2874754271,0.5308709310,0.6169368148,-0.2810794586,0.6689501420,0.3047769873,0.6540668385,-0.7521125751,0.0807666090
0.2541916285,-0.2913090793,0.5233067814,0.6227321273,-0.2861875974,0.6616875881,0.3040902705,0.6500545108,-0.7574671241,0.0606027136
0.2512278580,-0.2943499450,0.5156262882,0.6286393191,-0.2908569139,0.6545902365,0.3028638048,0.6468222580,-0.7615683843,0.0404297241
0.2489524347,-0.2965841461,0.5078502816,0.6346711999,-0.2950854900,0.6476457564,0.3011179102,0.6443731665,-0.7644434615,0.0202340432
0.2473920000,-0.2980000000,0.5000000000,0.6408411709,-0.2988688571,0.6408411709,0.2988688571,0.6427096251,-0.7661098732,0.0000000000
