0.424992,0.002,0.5,0.0,-0.0,0.003999904,0.9999920004,0.9999680015,0.007999744,0.0
0.4249819751,0.0030019602,0.5000263432,0.0,-5.26836e-05,0.0060035958,0.9999819769,0.9999279081,0.0120069752,0.0001053653
0.4249680479,0.0039956225,0.5001052275,0.0,-0.0002104349,0.0079904792,0.9999680535,0.9998722159,0.0159804478,0.0004208563
0.4249504324,0.0049727272,0.5002362174,0.0,-0.0004723645,0.0099439758,0.9999504459,0.9998017884,0.019886966,0.0009446822
0.4249294362,0.0059250905,0.5004185889,0.0,-0.0008370006,0.0118476734,0.9999294635,0.9997178641,0.0236936754,0.0016738832
0.4249054533,0.006844643,0.5006513328,0.0,-0.0013022964,0.0136854051,0.9999055024,0.9996220274,0.0273682237,0.0026043466
0.4248789546,0.0077234661,0.5009331588,0.0,-0.0018656403,0.0154413263,0.9998790351,0.9995161697,0.0308789169,0.0037308293
0.4248504762,0.0085538291,0.5012625006,0.0,-0.0025238694,0.0170999902,0.999850599,0.9994024408,0.0341948708,0.0050469848
0.4248206055,0.0093282254,0.5016375226,0.0,-0.0032732844,0.0186464195,0.9998207823,0.9992831933,0.0372861556,0.0065453954
0.4247899653,0.0100394072,0.5020561277,0.0,-0.004109667,0.0200661763,0.9997902076,0.9991609184,0.0401239332,0.0082176097
0.4247591971,0.0106804197,0.5025159655,0.0,-0.0050283004,0.0213454272,0.9997595155,0.9990381779,0.042680588,0.0100541823
0.4247289427,0.0112446342,0.5030144426,0.0,-0.0060239896,0.0224710063,0.9997293461,0.9989175309,0.0449298488,0.0120447183
0.4246998252,0.0117257797,0.5035487332,0.0,-0.0070910849,0.0234304734,0.9997003198,0.9988014589,0.0468469035,0.0141779197
0.42467243,0.0121179734,0.5041157909,0.0,-0.0082235063,0.02421217,0.9996730189,0.9986922895,0.0484085062,0.0164416347
0.4246472857,0.012415749,0.5047123615,0.0,-0.0094147683,0.0248052705,0.9996479684,0.9985921214,0.0495930765,0.0188229081
0.4246248454,0.0126140846,0.5053349963,0.0,-0.0106580072,0.0251998306,0.9996256176,0.9985027508,0.0503807925,0.021308034
0.4246054693,0.0127084274,0.5059800673,0.0,-0.0119460075,0.0253868328,0.9996063233,0.9984256033,0.0507536772,0.0238826093
0.4245894086,0.012694718,0.5066437819,0.0,-0.0132712311,0.0253582281,0.9995903334,0.9983616694,0.0506956794,0.0265315886
0.4245767906,0.0125694116,0.5073221989,0.0,-0.0146258454,0.0251069758,0.9995777731,0.9983114488,0.05019275,0.02923934
0.4245676069,0.0123294978,0.5080112457,0.0,-0.0160017536,0.0246270798,0.9995686324,0.9982749016,0.0492329129,0.0319897019
0.4245617031,0.0119725183,0.508706735,0.0,-0.0173906249,0.0239136227,0.9995627568,0.9982514096,0.0478063332,0.034766042
0.4245587723,0.0114965822,0.5094043832,0.0,-0.0187839261,0.0229627979,0.9995598401,0.9982397481,0.0459053813,0.0375513164
0.4245583504,0.010900379,0.5100998283,0.0,-0.020172954,0.0217719388,0.9995594202,0.9982380692,0.0435246931,0.0403281324
0.4245598154,0.0101831897,0.510788649,0.0,-0.0215488686,0.0203395455,0.9995608782,0.9982438983,0.0406612279,0.043078812
0.42456239,0.0093448952,0.5114663835,0.0,-0.022902728,0.0186653093,0.9995634403,0.9982541426,0.0373143215,0.0457854592
0.4245651472,0.0083859825,0.5121285492,0.0,-0.0242255245,0.016750134,0.9995661844,0.9982651139,0.0334857351,0.0484300301
0.4245670199,0.0073075482,0.512770662,0.0,-0.0255082214,0.0145961546,0.9995680482,0.9982725658,0.0291796994,0.0509944061
0.4245668132,0.0061112998,0.5133882563,0.0,-0.0267417925,0.0122067511,0.9995678425,0.9982717435,0.0244029517,0.0534604717
0.4245632208,0.0047995548,0.5139769042,0.0,-0.027917262,0.0095865599,0.9995642672,0.9982574487,0.0191647654,0.0558101951
0.4245548438,0.0033752366,0.5145322361,0.0,-0.0290257466,0.0067414789,0.9995559306,0.998224117,0.0134769705,0.0580257144
0.4245402125,0.0018418686,0.5150499595,0.0,-0.0300584987,0.0036786681,0.9995413719,0.9981659081,0.0073539619,0.0600894261
0.4245178113,0.0002035655,0.5155258789,0.0,-0.031006951,0.0004065435,0.9995190862,0.9980768074,0.000812696,0.0619840787
0.4244861052,-0.0015349777,0.5159559149,0.0,-0.0318627621,-0.0030652351,0.9994875531,0.9979507374,-0.0061273287,0.0636928683
0.4244435686,-0.0033684993,0.5163361231,0.0,-0.032617863,-0.0067257847,0.9994452656,0.9977816777,-0.0134441074,0.0651995374
0.4243887147,-0.0052911861,0.5166627127,0.0,-0.0332645037,-0.0105630268,0.999390762,0.9975637905,-0.0211131828,0.0664884753
0.424320127,-0.0072966925,0.5169320642,0.0,-0.0337953001,-0.0145637241,0.9993226584,0.9972915513,-0.0291077191,0.0675448183
0.4242364898,-0.0093781599,0.5171407473,0.0,-0.0342032801,-0.0187135266,0.9992396807,0.9969598791,-0.0373985966,0.0683545494
0.4241366198,-0.01152824,0.5172855375,0.0,-0.0344819284,-0.0229970255,0.9991406975,0.9965642669,-0.0459545281,0.068904596
0.4240194956,-0.0137391191,0.5173634324,0.0,-0.0346252298,-0.0273978176,0.999024751,0.9961009061,-0.0547421958,0.0691829232
0.4238842875,-0.016002545,0.5173716673,0.0,-0.0346277098,-0.0318985779,0.9988910864,0.9955668049,-0.0637264102,0.0691786213
0.4237303834,-0.0183098556,0.5173077295,0.0,-0.0344844722,-0.0364811403,0.998739179,0.9949598952,-0.0728702881,0.0688819869
0.4235574143,-0.0206520098,0.5171693724,0.0,-0.0341912332,-0.0411265867,0.9985687575,0.9942791269,-0.0821354492,0.0682845946
0.4233652754,-0.0230196194,0.5169546285,0.0,-0.0337443509,-0.0458153427,0.9983798241,0.9935245463,-0.0914822276,0.0673793583
0.4231541443,-0.0254029831,0.5166618208,0.0,-0.0331408502,-0.0505272785,0.9981726695,0.9926973564,-0.1008698969,0.0661605818
0.4229244954,-0.0277921226,0.5162895743,0.0,-0.0323784424,-0.0552418146,0.9979478836,0.9917999568,-0.1102569039,0.0646239962
0.4226771092,-0.0301768186,0.5158368253,0.0,-0.0314555398,-0.0599380306,0.9977063604,0.990835963,-0.1196011086,0.0627667842
0.4224130779,-0.0325466499,0.5153028306,0.0,-0.0303712637,-0.0645947744,0.9974492977,0.9898102029,-0.1288600246,0.0605875913
0.4221338056,-0.0348910321,0.5146871745,0.0,-0.0291254481,-0.0691907721,0.9971781914,0.9887286907,-0.1379910579,0.0580865233
0.4218410027,-0.0371992583,0.5139897757,0.0,-0.0277186364,-0.0737047354,0.9968948235,0.9875985784,-0.1469517384,0.0552651303
0.4215366762,-0.0394605402,0.5132108919,0.0,-0.0261520742,-0.0781154655,0.9966012458,0.9864280861,-0.1556999406,0.0521263794
0.4212231133,-0.0416640502,0.5123511244,0.0,-0.0244276963,-0.0824019526,0.996299757,0.9852264117,-0.1641940907,0.0486746157
0.4209028605,-0.0437989638,0.5114114197,0.0,-0.0225481097,-0.0865434684,0.9959928769,0.9840036217,-0.1723933561,0.0449155133
0.4205786973,-0.0458545027,0.5103930719,0.0,-0.0205165731,-0.0905196523,0.9956833145,0.9827705256,-0.1802578148,0.040856019
0.4202536042,-0.0478199777,0.509297722,0.0,-0.0183369729,-0.0943105889,0.9953739339,0.9815385365,-0.1877486038,0.0365042898
0.419930727,-0.0496848326,0.5081273568,0.0,-0.0160137976,-0.0978968776,0.9950677161,0.9803195193,-0.1948280448,0.031869626
0.4196133356,-0.0514386869,0.5068843064,0.0,-0.01355211,-0.1012596925,0.9947677191,0.97912563,-0.2014597467,0.0269624032
0.41930478,-0.0530713792,0.5055712399,0.0,-0.0109575195,-0.1043808347,0.9944770355,0.9779691482,-0.2076086861,0.021794003
0.4190084415,-0.0545730101,0.5041911607,0.0,-0.0082361539,-0.1072427752,0.9941987492,0.9768623059,-0.2132412659,0.0163767478
0.4187276825,-0.0559339839,0.5027473995,0.0,-0.0053946325,-0.1098286904,0.9939358916,0.9758171134,-0.2183253547,0.0107238377
0.4184657933,-0.0571450504,0.5012436063,0.0,-0.0024400404,-0.1121224909,0.9936913974,0.9748451865,-0.2228303094,0.0048492943
0.4182259378,-0.0581973459,0.4996837416,0.0,0.0006200949,-0.1141088438,0.9934680605,0.9739575745,-0.2267269836,-0.0012320889
0.4180110985,-0.0590824323,0.4980720661,0.0,0.0037778244,-0.1157731906,0.9932684916,0.9731645928,-0.2299877247,-0.0075047879
0.4178240218,-0.059792336,0.4964131286,0.0,0.007024796,-0.1171017615,0.9930950759,0.9724756594,-0.2325863654,-0.0139525807
0.4176671642,-0.060319585,0.4947117533,0.0,0.0103522691,-0.1180815885,0.9929499328,0.971899138,-0.2344982107,-0.0205585698
0.4175426405,-0.0606572451,0.4929730261,0.0,0.0137511264,-0.1187005174,0.9928348774,0.9714421874,-0.2357000273,-0.0273051958
0.4174521747,-0.0607989535,0.4912022792,0.0,0.0172118825,-0.1189472216,0.9927513836,0.9711106192,-0.2361700376,-0.0341742404
0.4173970545,-0.0607389521,0.4894050751,0.0,0.0207246897,-0.1188112184,0.9927005498,0.9709087633,-0.2358879236,-0.0411468216
0.4173780902,-0.0604721176,0.4875871892,0.0,0.0242793404,-0.1182828899,0.992683067,0.9708393432,-0.2348348439,-0.0482033802
0.4173955789,-0.0599939906,0.4857545918,0.0,0.0278652685,-0.1173535099,0.9926991893,0.970903361,-0.2329934683,-0.0553236589
0.4174492743,-0.0593008018,0.4839134287,0.0,0.0314715481,-0.1160152772,0.9927487079,0.9710999942,-0.2303480331,-0.0624866773
0.4175383636,-0.058389497,0.4820700015,0.0,0.0350868919,-0.1142613578,0.9928309283,0.9714265043,-0.2268844199,-0.0696707029
0.4176614514,-0.057257759,0.480230747,0.0,0.0386996499,-0.1120859362,0.992944651,0.97187816,-0.2225902617,-0.0768532208
0.4178165509,-0.055904027,0.4784022152,0.0,0.0422978086,-0.1094842764,0.9930881575,0.9724481772,-0.2174550767,-0.0840109057
0.4180010842,-0.0543275145,0.4765910476,0.0,0.0458689926,-0.1064527929,0.9932592,0.9731276768,-0.2114704318,-0.0911195978
0.4182118901,-0.0525282232,0.4748039542,0.0,0.0494004696,-0.1029891324,0.9934549976,0.9739056644,-0.2046301365,-0.0981542867
0.4184452409,-0.0505069557,0.4730476905,0.0,0.0528791601,-0.0990922651,0.9936722384,0.9747690348,-0.1969304658,-0.1050891067
0.4186968683,-0.0482653242,0.4713290336,0.0,0.0562916531,-0.0947625849,0.9939070894,0.9757026046,-0.18837041,-0.1118973462
0.4189619978,-0.0458057572,0.4696547584,0.0,0.059624229,-0.0900020172,0.9941552133,0.9766891764,-0.1789519492,-0.1185514762
0.4192353913,-0.0431315035,0.4680316129,0.0,0.0628628912,-0.0848141321,0.9944117959,0.9777096398,-0.1686803469,-0.125023201
0.4195113983,-0.0402466323,0.4664662942,0.0,0.0659934075,-0.0792042616,0.9946715815,0.9787431102,-0.1575644562,-0.1312835339
0.4197840155,-0.0371560317,0.4649654237,0.0,0.0690013626,-0.0731796154,0.99492892,0.9797671117,-0.1456170315,-0.1373029023
0.4200469526,-0.0338654035,0.4635355224,0.0,0.0718722224,-0.0667493949,0.9951778243,0.9807578039,-0.1328550352,-0.1430512839
0.4202937056,-0.0303812552,0.4621829863,0.0,0.0745914103,-0.0599248975,0.9954120394,0.9816902563,-0.1192999289,-0.1484983756
0.4205176357,-0.0267108892,0.4609140621,0.0,0.077144396,-0.0527196102,0.9956251227,0.9825387697,-0.1049779368,-0.1536137974
0.4207120534,-0.0228623889,0.4597348231,0.0,0.079516797,-0.0451492848,0.9958105347,0.9832772422,-0.0899202669,-0.1583673282
0.4208703064,-0.0188446024,0.4586511453,0.0,0.0816944909,-0.0372319913,0.9959617407,0.983879578,-0.0741632777,-0.1627291747
0.4209858704,-0.0146671224,0.4576686838,0.0,0.083663738,-0.0289881439,0.9960723199,0.9843201329,-0.0577485756,-0.1666702672
0.4210524422,-0.0103402645,0.4567928498,0.0,0.0854113118,-0.0204404955,0.996136082,0.9845741879,-0.0407230303,-0.1701625791
0.4210640329,-0.0058750417,0.4560287888,0.0,0.0869246352,-0.0116140956,0.9961471882,0.9846184412,-0.0231386974,-0.1731794619
0.4210150607,-0.0012831363,0.4553813579,0.0,0.0881919186,-0.0025362101,0.9961002726,0.9844315063,-0.0050526391,-0.1756959882
0.4209004414,0.0034231299,0.4548551058,0.0,0.0892022975,0.0067638003,0.9959905628,0.9839944023,0.0134733626,-0.1776892929
0.4207156766,0.008230829,0.4544542518,0.0,0.0899459647,0.0162546426,0.9958139937,0.9832910201,0.0323732012,-0.1791389007
0.420456936,0.0131264628,0.4541826673,0.0,0.0904142934,0.0259032945,0.9955673131,0.9823085498,0.0515769465,-0.1800270304
0.4201211354,0.018096,0.4540438569,0.0,0.0905999472,0.0356752446,0.9952481733,0.981037853,0.071011444,-0.180338864
0.4197060062,0.023124917,0.4540409411,0.0,0.0904969733,0.0455347661,0.994855207,0.9794737658,0.0906009983,-0.1800627701
0.419210158,0.0281982399,0.4541766406,0.0,0.090100875,0.0554452167,0.9943880833,0.9776153205,0.1102681255,-0.1791904728
0.4186331307,0.0333005889,0.4544532611,0.0,0.0894086622,0.0653693585,0.9938475427,0.9754658762,0.1299343526,-0.1777171583
0.4179754372,0.0384162245,0.4548726793,0.0,0.0884188758,0.0752696888,0.9932354083,0.9730331527,0.1495210402,-0.1756415165
0.4172385944,0.0435290956,0.4554363308,0.0,0.0871315877,0.0851087732,0.9925545744,0.9703291663,0.1689502043,-0.1729657119
0.4164251421,0.0486228892,0.4561451988,0.0,0.0855483734,0.094849571,0.9918089709,0.9673700694,0.1881453107,-0.1696952884
0.4155386494,0.0536810811,0.4569998042,0.0,0.0836722618,0.1044557449,0.9910035065,0.9641758999,0.2070320189,-0.1658390097
0.4145837079,0.058686989,0.4580001979,0.0,0.0815076609,0.1138919463,0.9901439924,0.9607702516,0.2255388528,-0.1614086416
0.4135659115,0.0636238253,0.4591459534,0.0,0.0790602644,0.1231240689,0.9892370486,0.9571798765,0.2435977811,-0.1564186852
0.412491822,0.0684747522,0.4604361617,0.0,0.0763369417,0.1321194655,0.988289997,0.9534342363,0.2611446923,-0.1508860717
0.411368922,0.0732229367,0.461869428,0.0,0.0733456158,0.1408471232,0.9873107457,0.9495650171,0.2781197565,-0.1448298292
0.4102055532,0.0778516067,0.4634438688,0.0,0.0700951324,0.1492777957,0.9863076661,0.9456056243,0.2944676685,-0.138270733
0.4090108423,0.0823441074,0.4651571123,0.0,0.0665951259,0.1573840907,0.9852894687,0.9415906744,0.3101377743,-0.1312309524
0.4077946143,0.0866839579,0.4670062988,0.0,0.0628558841,0.165140515,0.9842650802,0.9375554962,0.3250840846,-0.1237337037
0.4065672934,0.0908549081,0.4689880836,0.0,0.0588882185,0.1725234777,0.9832435239,0.9335356547,0.3392651844,-0.1158029189
0.4053397942,0.0948409951,0.4710986415,0.0,0.0547033397,0.1795112566,0.9822338079,0.9295665068,0.3526440502,-0.1074629394
0.4041234016,0.0986265999,0.4733336729,0.0,0.050312745,0.1860839311,0.9812448208,0.9256827966,0.3651877872,-0.0987382408
0.402929643,0.1021965027,0.4756884113,0.0,0.0457281158,0.1922232873,0.9802852377,0.9219182945,0.3768673018,-0.0896531937
0.4017701533,0.1055359386,0.4781576324,0.0,0.0409612309,0.1979126998,0.9793634365,0.9183054817,0.3876569235,-0.0802318637
0.4006565339,0.1086306515,0.4807356654,0.0,0.0360238938,0.2031369955,0.9784874246,0.9148752803,0.3975339911,-0.0704978541
0.3996002078,0.1114669479,0.4834164053,0.0,0.0309278756,0.207882306,0.9776647756,0.9116568267,0.4064784161,-0.0604741891
0.3986122724,0.1140317482,0.4861933271,0.0,0.0256848746,0.2121359117,0.9769025756,0.9086772844,0.414472237,-0.0501832403
0.3977033516,0.1163126376,0.4890595009,0.0,0.0203064908,0.2158860836,0.9762073783,0.9059616907,0.4214991753,-0.0396466923
0.3968834498,0.1182979154,0.4920076097,0.0,0.0148042165,0.2191219267,0.9755851662,0.9035328328,0.4275442025,-0.0288855481
0.3961618085,0.1199766417,0.4950299676,0.0,0.0091894415,0.2218332289,0.9750413185,0.9014111454,0.432593128,-0.0179201703
0.3955467683,0.1213386829,0.4981185397,0.0,0.003473472,0.224010319,0.9745805826,0.899614624,0.4366322144,-0.0067703567
0.3950456385,0.1223747549,0.5012649636,0.0,-0.0023324367,0.2256439362,0.9742070487,0.8981587476,0.4396478263,0.0045445525
0.3946645747,0.1230764637,0.5044605719,0.0,-0.0082170356,0.2267251157,0.9739241255,0.8970564044,0.4416261201,0.0160055384
0.3944084682,0.1234363443,0.5076964162,0.0,-0.0141690263,0.2272450911,0.9737345158,0.8963178145,0.4425527775,0.0275937398
0.3942808464,0.1234478961,0.5109632921,0.0,-0.0201769946,0.2271952171,0.9736401913,0.8959504444,0.4424127893,0.0392902657
0.394283789,0.123105616,0.5142517653,0.0,-0.0262293354,0.2265669151,0.973642365,0.8959589099,0.4411902942,0.0510759843
0.3944178582,0.1224050294,0.5175521988,0.0,-0.0323141693,0.2253516435,0.9737414602,0.8963448625,0.4388684768,0.0629312929
0.3946820466,0.1213427164,0.5208547813,0.0,-0.0384192526,0.2235408954,0.9739370766,0.8971068582,0.4354295323,0.0748358692
0.3950737422,0.119916337,0.5241495557,0.0,-0.0445318816,0.2211262264,0.9742279526,0.8982402071,0.4308547015,0.0867684077
0.3955887131,0.1181246516,0.5274264495,0.0,-0.0506387936,0.2180993148,0.9746119235,0.8997368029,0.4251243854,0.098706344
0.3962211113,0.1159675387,0.5306753048,0.0,-0.0567260657,0.214452057,0.9750858776,0.9015849375,0.4182183443,0.1106255712
0.3969634962,0.1134460093,0.5338859098,0.0,-0.0627790148,0.2101766999,0.9756457093,0.9037691002,0.410115991,0.1225001528
0.3978068789,0.1105622179,0.53704803,0.0,-0.0687820993,0.2052660144,0.9762862726,0.9062697723,0.4007967841,0.1343020388
0.3987407866,0.1073194695,0.5401514406,0.0,-0.0747188291,0.1997135093,0.9770013361,0.9090632216,0.3902407308,0.1460007918
0.3997533466,0.1037222236,0.5431859588,0.0,-0.0805716841,0.1935136899,0.9777835423,0.9121213111,0.3784290024,0.1575633334
0.4008313904,0.0997760941,0.5461414762,0.0,-0.0863220483,0.1866623596,0.9786243751,0.915411335,0.36534467,0.1689537212
0.4019605762,0.0954878457,0.5490079915,0.0,-0.091950163,0.1791569643,0.9795141396,0.9188958993,0.3509735595,0.1801329696
0.4031255285,0.0908653868,0.5517756434,0.0,-0.0974351054,0.1709969777,0.9804419584,0.9225328677,0.3353052234,0.191058931
0.4043099952,0.0859177582,0.5544347429,0.0,-0.1027547978,0.1621843219,0.9813957903,0.9262753945,0.3183340215,0.2016862519
0.4054970187,0.0806551188,0.5569758061,0.0,-0.1078860547,0.1527238165,0.9823624764,0.9300720702,0.3000602932,0.2119664237
0.4066691204,0.0750887268,0.5593895858,0.0,-0.1128046725,0.1426236457,0.98332782,0.9338672031,0.2804915971,0.2218479454
0.4078084967,0.069230918,0.5616671034,0.0,-0.1174855684,0.1318958293,0.9842767047,0.9376012628,0.2596439845,0.2312766162
0.4088972234,0.0630950798,0.5637996804,0.0,-0.1219029724,0.1205566817,0.9851932561,0.9412115036,0.2375432596,0.2401959726
0.4099174675,0.056695622,0.5657789684,0.0,-0.1260306756,0.1086272364,0.986061049,0.9446327847,0.2142261733,0.2485478803
0.4108517033,0.0500479444,0.5675969792,0.0,-0.1298423351,0.0961336149,0.9868633624,0.9477985922,0.1897414848,0.2562732869
0.41168293,0.0431683996,0.5692461139,0.0,-0.1333118334,0.0831073135,0.9875834798,0.950642259,0.1641508198,0.2633131286
0.4123948884,0.0360742546,0.5707191908,0.0,-0.1364136852,0.0695853834,0.9882050298,0.9530983618,0.1375292518,0.2696093797
0.412972275,0.0287836467,0.5720094727,0.0,-0.1391234843,0.0556104784,0.98871236,0.9551042616,0.1099655346,0.275106217
0.4134009489,0.0213155383,0.5731106926,0.0,-0.141418374,0.0412307512,0.9890909304,0.9566017373,0.081561924,0.2797512622
0.4136681301,0.0136896674,0.5740170787,0.0,-0.1432775255,0.0264995823,0.9893277126,0.9575386457,0.0524335422,0.283496853
0.413762587,0.0059264953,0.5747233776,0.0,-0.1446826036,0.011475134,0.9894115754,0.957870531,0.0227072609,0.2863012855
0.4136748086,-0.0019528476,0.5752248768,0.0,-0.1456181982,-0.0037802675,0.9893336393,0.9575620999,-0.0074798915,0.2881299639
0.4133971615,-0.0099266201,0.5755174249,0.0,-0.1460721981,-0.0192009092,0.9890875785,0.9565884761,-0.0379827616,0.2889563934
0.4129240272,-0.0179725294,0.5755974509,0.0,-0.1460360889,-0.0347186033,0.9886698535,0.9549361586,-0.0686504729,0.2887629573
0.4122519189,-0.0260677942,0.5754619817,0.0,-0.1455051557,-0.0502637005,0.9880798602,0.9526036202,-0.0993291004,0.2875414277
0.4113795751,-0.0341892083,0.5751086578,0.0,-0.1444785795,-0.0657661632,0.9873199845,0.9496015037,-0.1298644945,0.2852931777
0.4103080295,-0.0423132079,0.5745357476,0.0,-0.1429594219,-0.0811566522,0.9863955604,0.945952403,-0.1601051229,0.2820290782
0.4090406541,-0.0504159393,0.5737421591,0.0,-0.1409544975,-0.0963675796,0.9853147311,0.9416902385,-0.1899047916,0.2777690856
0.4075831754,-0.0584733286,0.572727451,0.0,-0.1384741424,-0.1113340825,0.9840882247,0.9368592679,-0.2191251193,0.2725415459
0.4059436637,-0.0664611532,0.5714918405,0.0,-0.1355318918,-0.1259948795,0.9827290556,0.9315127933,-0.2476376579,0.2663822561
0.4041324925,-0.074355114,0.5700362103,0.0,-0.1321440854,-0.1402929782,0.9812521699,0.9257116419,-0.2753255787,0.259333341
0.4021622707,-0.0821309086,0.5683621131,0.0,-0.1283294202,-0.1541762154,0.9796740552,0.919522509,-0.3020848764,0.2514420071
0.4000477456,-0.0897643052,0.5664717738,0.0,-0.1241084749,-0.1675976191,0.9780123335,0.9130162491,-0.3278250771,0.2427592383
0.3978056785,-0.0972312177,0.5643680902,0.0,-0.119503225,-0.1805155949,0.9762853575,0.9062661984,-0.3524694642,0.2333384975
0.3954546934,-0.1045077797,0.5620546314,0.0,-0.1145365713,-0.1928939469,0.974511826,0.8993465982,-0.3759548648,0.2232344866
0.3930150993,-0.11157042,0.5595356341,0.0,-0.1092318956,-0.2047017496,0.9727104331,0.8923311734,-0.3982310551,0.2125020089
0.3905086893,-0.1183959368,0.5568159968,0.0,-0.1036126581,-0.2159130952,0.9708995583,0.8852919048,-0.4192598576,0.201194968
0.3879585166,-0.1249615724,0.5539012719,0.0,-0.097702046,-0.2265067383,0.9690970063,0.8782980154,-0.439014004,0.1893655205
0.3853886509,-0.1312450864,0.5507976559,0.0,-0.0915226763,-0.2364656665,0.9673197963,0.8714151766,-0.4574758407,0.1770633932
0.3828239166,-0.1372248291,0.5475119774,0.0,-0.085096358,-0.2457766193,0.9655840011,0.8647049265,-0.4746359429,0.1643353636
0.3802896171,-0.1428798121,0.5440516827,0.0,-0.0784439095,-0.2544295781,0.9639046337,0.8582242857,-0.4904916986,0.1512248957
0.3778112462,-0.1481897796,0.5404248203,0.0,-0.0715850316,-0.2624172468,0.9622955741,0.8520255437,-0.5050459102,0.1377719181
0.3754141916,-0.1531352767,0.5366400224,0.0,-0.0645382285,-0.2697345372,0.9607695335,0.8461561929,-0.518305451,0.1240127275
0.3731234323,-0.1576977163,0.5327064849,0.0,-0.057320775,-0.2763780741,0.9593380473,0.8406589778,-0.5302800038,0.1099800007
0.3709632351,-0.1618594439,0.5286339457,0.0,-0.0499487208,-0.2823457254,0.9580114909,0.8355720333,-0.5409808987,0.095702897
0.3689568525,-0.1656038009,0.5244326607,0.0,-0.0424369299,-0.287636167,0.9567991129,0.8309290849,-0.5504200588,0.0812072337
0.3671262253,-0.1689151839,0.5201133784,0.0,-0.0347991471,-0.2922484836,0.9557090788,0.8267596864,-0.558609058,0.0665157217
0.3654916958,-0.1717791033,0.5156873123,0.0,-0.0270480892,-0.2961818087,0.9547485203,0.8230894741,-0.5655582872,0.0516482464
0.3640717323,-0.1741822373,0.511166112,0.0,-0.0191955555,-0.2994350039,0.9539235866,0.8199404181,-0.5712762258,0.0366221863
0.3628826708,-0.1761124838,0.5065618331,0.0,-0.0112525551,-0.3020063768,0.9532394916,0.8173310568,-0.5757688101,0.0214527598
0.3619384756,-0.1775590094,0.5018869041,0.0,-0.003229449,-0.3038934368,0.9527005562,0.8152766995,-0.5790388924,0.0061533956
0.3612505238,-0.1785122935,0.4971540937,0.0,0.0048638958,-0.3050926884,0.9523102404,0.813789588,-0.581085783,-0.0092638756
0.3608274149,-0.1789641707,0.4923764758,0.0,0.0130179403,-0.3055994605,0.9520711649,0.8128790059,-0.5819048688,-0.0247880112
0.3606748098,-0.1789078684,0.4875673929,0.0,0.021223297,-0.305407771,0.9519851181,0.8125513302,-0.5814873058,-0.0404085257
0.3607953005,-0.1783380404,0.4827404195,0.0,0.0294705425,-0.304510228,0.952053049,0.8128100163,-0.579819782,-0.0561150396
0.3611883139,-0.1772507971,0.4779093233,0.0,0.0377500199,-0.3028979691,0.9522750424,0.8136555127,-0.5768843526,-0.0718968035
0.3618500507,-0.1756437313,0.4730880262,0.0,0.0460516296,-0.3005606393,0.9526502766,0.815085099,-0.5726583524,-0.0877421953
0.3627734607,-0.1735159397,0.4682905643,0.0,0.0543646096,-0.2974864138,0.953176963,0.8170926456,-0.567114393,-0.1036381869
0.3639482566,-0.1708680403,0.4635310469,0.0,0.0626773045,-0.293662068,0.953852266,0.8196682907,-0.560220458,-0.1195697778
0.3653609652,-0.1677021847,0.4588236155,0.0,0.070976924,-0.2890731027,0.9546722042,0.8227980351,-0.5519401122,-0.1355193931
0.3669950184,-0.1640220671,0.4541824017,0.0,0.0792492926,-0.2837039319,0.9556315339,0.8264632573,-0.5422328473,-0.1514662462
0.3688308812,-0.1598329273,0.4496214852,0.0,0.0874785916,-0.2775381415,0.9567236153,0.8306401521,-0.5310545882,-0.1673856688
0.370846218,-0.1551415504,0.4451548515,0.0,0.0956470985,-0.2705588289,0.9579402657,0.8352991053,-0.518358393,-0.1832484139
0.3730160951,-0.1499562609,0.4407963492,0.0,0.1037349293,-0.2627490352,0.9592716033,0.8404040179,-0.5040953765,-0.199019944
0.3753132172,-0.1442869124,0.4365596479,0.0,0.1117197901,-0.254092278,0.9607058877,0.8459116055,-0.488215895,-0.2146597203
0.3777081973,-0.1381448733,0.4324581957,0.0,0.1195767501,-0.2445731968,0.9622293657,0.8517707045,-0.4706710241,-0.2301205208
0.3801698557,-0.1315430063,0.4285051774,0.0,0.1272780486,-0.2341783158,0.963826133,0.8579216295,-0.4514143612,-0.2453478188
0.3826655464,-0.124495645,0.4247134728,0.0,0.134792953,-0.2228969279,0.9654780264,0.8642956387,-0.430404172,-0.2602792685
0.3851615074,-0.1170185646,0.4210956158,0.0,0.1420876871,-0.2107220958,0.9671645607,0.870814575,-0.4076058864,-0.274844351
0.3876232304,-0.1091289488,0.4176637544,0.0,0.1491254521,-0.1976517595,0.9688629323,0.877390763,-0.3829949265,-0.2889642455
0.390015847,-0.1008453515,0.4144296105,0.0,0.155866564,-0.1836899249,0.9705481058,0.8839272514,-0.3565598174,-0.3025519969
0.3923045268,-0.0921876549,0.411404442,0.0,0.1622687323,-0.1688478997,0.9721930082,0.8903184906,-0.3283054951,-0.315513054
0.394454882,-0.0831770227,0.408599005,0.0,0.1682874993,-0.1531455227,0.9737688465,0.8964515329,-0.298256678,-0.3277462482
0.3964333764,-0.073835849,0.4060235177,0.0,0.1738768584,-0.1366123221,0.9752455648,0.9022078231,-0.2664611224,-0.33914527
0.3982077302,-0.0641877037,0.403687625,0.0,0.1789900568,-0.1192885205,0.9765924475,0.9074656169,-0.2329925364,-0.3496006752
0.3997473203,-0.0542572731,0.4016003651,0.0,0.1835805769,-0.1012257974,0.9777788654,0.9121030194,-0.1979528906,-0.3590024165
0.401023567,-0.0440702978,0.3997701374,0.0,0.1876032761,-0.082487714,0.9787751467,0.9160015756,-0.1614738488,-0.3672428482
0.4020103056,-0.0336535054,0.3982046722,0.0,0.1910156419,-0.063149715,0.9795535402,0.9190502761,-0.1237170537,-0.3742200966
0.4026841366,-0.0230345413,0.3969110015,0.0,0.1937791073,-0.0432986343,0.9800892234,0.9211497717,-0.0848730498,-0.3798416296
0.4030247502,-0.012241895,0.3958954328,0.0,0.1958603497,-0.023031668,0.9803612934,0.9222165314,-0.0451587116,-0.3840278115
0.4030152212,-0.0013048239,0.3951635234,0.0,0.1972324903,-0.0024548103,0.9803536702,0.9221866374,-0.0048131645,-0.3867151915
0.4026422703,0.009746726,0.3947200579,0.0,0.1978761066,0.0183191989,0.980055842,0.9210189068,0.0359076759,-0.3878592685
0.4018964874,0.0208822021,0.3945690276,0.0,0.1977799795,0.0391733228,0.9794633891,0.918697061,0.0767376709,-0.3874364979
0.4007725149,0.0320705297,0.3947136111,0.0,0.1969415126,0.0599889377,0.978578238,0.915230736,0.117407738,-0.3854453567
0.3992691867,0.0432801986,0.3951561587,0.0,0.1953667895,0.0806486422,0.9774086219,0.9106552282,0.1576533564,-0.381906369
0.3973896216,0.0544793518,0.3958981777,0.0,0.1930702632,0.1010389882,0.9759687476,0.9050299927,0.1972217895,-0.376861086
0.3951412687,0.0656358764,0.3969403212,0.0,0.1900741044,0.121052972,0.9742782009,0.8984360256,0.2358785436,-0.370370113
0.3925359029,0.0767174947,0.3982823785,0.0,0.186407264,0.140592142,0.9723611374,0.890972363,0.2734126703,-0.3625103585
0.3895895716,0.0876918583,0.3999232685,0.0,0.1821043228,0.1595682258,0.9702453282,0.8827519939,0.3096406512,-0.3533717369
0.3863224891,0.0985266416,0.4018610356,0.0,0.1772042151,0.1779042228,0.9679611323,0.8738975073,0.344408746,-0.3430535854
0.3827588826,0.1091896368,0.4040928475,0.0,0.1717489097,0.1955349584,0.9655404663,0.8645367841,0.3775938299,-0.3316610447
0.378926788,0.1196488494,0.4066149966,0.0,0.1657821274,0.2124071325,0.9630158339,0.8547989926,0.4091028637,-0.3193016273
0.3748577981,0.1298725932,0.4094229032,0.0,0.1593481568,0.2284789318,0.9604194618,0.8448110853,0.4388712255,-0.3060821419
0.3705867662,0.1398295858,0.4125111215,0.0,0.1524908142,0.2437192904,0.957782574,0.8346949182,0.4668601786,-0.292106089
0.366151465,0.1494890433,0.4158733487,0.0,0.1452525749,0.2581068915,0.9551348188,0.824565044,0.4930537581,-0.2774715836
0.3615922076,0.1588207743,0.4195024357,0.0,0.137673886,0.2716290037,0.9525038506,0.8145271709,0.517455344,-0.2622698131
0.3569514313,0.1677952733,0.4233904014,0.0,0.1297926573,0.2842802313,0.9499150573,0.8046772324,0.5400841445,-0.246583999
0.3522732503,0.1763838119,0.4275284488,0.0,0.1216439182,0.2960612494,0.9473914153,0.7951009875,0.5609717722,-0.2304888077
0.3476029807,0.1845585296,0.4319069841,0.0,0.1132596199,0.3069775753,0.9449534522,0.7858740535,0.5801590391,-0.2140501375
0.3429866438,0.1922925217,0.4365156383,0.0,0.1046685603,0.3170384152,0.9426192953,0.7770622716,0.597693055,-0.1973252091
0.3384704528,0.1995599259,0.4413432907,0.0,0.0958964097,0.3262556092,0.9404047831,0.7687223122,0.6136246707,-0.1803628847
0.334100288,0.2063360059,0.4463780955,0.0,0.0869658119,0.3346426886,0.9383236214,0.760902437,0.628006279,-0.1632041511
0.3299211672,0.2125972327,0.4516075103,0.0,0.0778965446,0.3422140485,0.9363875658,0.7536433467,0.6408899597,-0.1458827116
0.3259767168,0.2183213626,0.4570183269,0.0,0.0687057189,0.3489842318,0.9346066179,0.7469790603,0.6523259451,-0.1284256391
0.3223086502,0.2234875128,0.4625967046,0.0,0.0594080061,0.3549673197,0.9329892233,0.7409377815,0.6623613678,-0.1108540589
0.318956259,0.2280762327,0.4683282051,0.0,0.0500158804,0.3601764162,0.9315424633,0.7355427219,0.6710392519,-0.0931838328
0.3159559238,0.2320695717,0.4741978301,0.0,0.0405398697,0.3646232163,0.9302722339,0.7308128582,0.6783977079,-0.0754262303
0.3133406503,0.2354511438,0.4801900598,0.0,0.0309888092,0.368317647,0.9291834074,0.7267636093,0.6844692924,-0.0575885746
0.3111396356,0.2382061875,0.4862888946,0.0,0.0213700945,0.3712675682,0.928279975,0.7234074238,0.6892804977,-0.0396748616
0.3093778727,0.2403216212,0.4924778974,0.0,0.0116899337,0.3734785257,0.9275651655,0.7207542726,0.692851341,-0.0216863505
0.3080757949,0.2417860947,0.4987402375,0.0,0.0019535962,0.374953546,0.9270415427,0.7188120437,0.6951950273,-0.0036221297
0.3072489675,0.2425900357,0.5050587373,0.0,-0.0078343367,0.375692966,0.926711076,0.7175868369,0.6963176656,0.0145203332
0.306907831,0.2427256915,0.5114159185,0.0,-0.0176697217,0.3756942935,0.9265751879,0.7170831575,0.6962180212,0.0327446515
0.3070574971,0.2421871656,0.5177940509,0.0,-0.027548597,0.3749520932,0.926634773,0.7173040052,0.6948872956,0.0510549759
0.3076976045,0.2409704491,0.5241752018,0.0,-0.037466918,0.3734578982,0.9268901922,0.7182508567,0.6923089261,0.0694554376
0.3088222333,0.2390734472,0.5305412864,0.0,-0.0474202807,0.3712001468,0.927341236,0.719923536,0.6884584059,0.0879495635
0.310419883,0.2364959997,0.5368741188,0.0,-0.0574036286,0.3681641481,0.92798706,0.7223199669,0.6833031308,0.1065396491
0.312473513,0.2332398966,0.5431554643,0.0,-0.0674109378,0.3643320817,0.9288260869,0.7254357995,0.6768022835,0.1252260751
0.3149606485,0.2293088878,0.5493670916,0.0,-0.0774348772,0.3596830398,0.9298558763,0.7292639013,0.6689067764,0.1440065512
0.3178535487,0.2247086869,0.5554908252,0.0,-0.0874664395,0.3541931243,0.9310729577,0.7337937053,0.6595592798,0.162875273
0.3211194391,0.21944697,0.5615085993,0.0,-0.0974945396,0.3478356124,0.9324726277,0.739010403,0.6486943751,0.181821979
0.3247208045,0.2135333683,0.5674025099,0.0,-0.1075055793,0.3405812112,0.934048708,0.7448939779,0.6362388806,0.200830895
0.328615741,0.2069794547,0.5731548686,0.0,-0.1174829794,0.3323984238,0.9357932664,0.7514180748,0.6221124135,0.2198795621
0.3327583635,0.1997987253,0.5787482548,0.0,-0.1274066814,0.3232540533,0.9376963019,0.7585487092,0.6062282606,0.238937548
0.3370992649,0.1920065745,0.5841655682,0.0,-0.1372526292,0.3131138749,0.9397454001,0.7662428342,0.5884946474,0.2579650539
0.3415860234,0.1836202652,0.5893900806,0.0,-0.1469922434,0.30194351,0.9419253671,0.7744467943,0.568816503,0.2769114456
0.3461637506,0.1746588923,0.5944054872,0.0,-0.1565919099,0.289709532,0.9442178567,0.7830947217,0.5470978266,0.295713755
0.350775678,0.1651433415,0.5991959564,0.0,-0.1660125144,0.2763808361,0.9466010134,0.7921069571,0.523244759,0.3142952287
0.3553637719,0.1550962424,0.6037461791,0.0,-0.175209062,0.2619302935,0.9490491589,0.8013886119,0.4971694495,0.3325640258
0.3598693738,0.1445419155,0.6080414169,0.0,-0.1841304352,0.2463366974,0.9515325609,0.8108284287,0.4687947769,0.3504122091
0.3642338567,0.1335063152,0.6120675485,0.0,-0.1927193524,0.2295869851,0.9540173308,0.820298135,0.4380599254,0.3677152043
0.3683992909,0.1220169664,0.6158111154,0.0,-0.2009125961,0.2116786924,0.9564655038,0.8296525198,0.4049267344,0.384331935
0.372309112,0.1101028968,0.619259365,0.0,-0.2086415861,0.1926225502,0.9588353569,0.8387304834,0.3693866233,0.4001058594
0.3759087832,0.0977945642,0.6224002926,0.0,-0.2158333615,0.1724450906,0.9610820209,0.8473573016,0.3314677522,0.4148671265
0.3791464445,0.0851237793,0.6252226816,0.0,-0.2224120248,0.1511910772,0.9631584238,0.8553482988,0.2912419191,0.4284360306
0.3819735404,0.0721236233,0.6277161413,0.0,-0.2283006637,0.1289255289,0.9650165879,0.8625140299,0.2488305479,0.440627855
0.3843454199,0.0588283625,0.629871143,0.0,-0.2334237223,0.1057350774,0.9666092588,0.8686669185,0.2044090095,0.4512590625
0.3862219,0.0452733577,0.6316790532,0.0,-0.2377097359,0.0817283968,0.9678918073,0.8736291013,0.1582084913,0.4601546117
0.3875677868,0.0314949706,0.6331321652,0.0,-0.241094275,0.0570354812,0.9688242898,0.8772410089,0.1105147191,0.4671559796
0.3883533475,0.0175304659,0.6342237275,0.0,-0.2435228916,0.0318056266,0.9693735108,0.8793700068,0.0616630638,0.4721292807
0.3885547263,0.0034179112,0.6349479705,0.0,-0.2449538133,0.0062040976,0.9695148986,0.8799182771,0.0120299302,0.4749727429
0.3881543002,-0.0108039274,0.6353001296,0.0,-0.2453601295,-0.0195923909,0.9692339991,0.8788290901,-0.0379792227,0.4756227592
0.387140968,-0.0250956914,0.6352764661,0.0,-0.2447312378,-0.0454010945,0.9685274193,0.8760907237,-0.0879444097,0.4740578284
0.3855103696,-0.0394175389,0.6348742852,0.0,-0.2430733909,-0.0710391519,0.9674031039,0.8717375311,-0.1374469922,0.4702999057
0.3832650314,-0.0537292557,0.6340919511,0.0,-0.2404092828,-0.0963295092,0.965879911,0.8658480048,-0.1860854756,0.4644129934
0.3804144353,-0.0679903683,0.632928899,0.0,-0.2367767216,-0.1211063706,0.9639865306,0.8585400622,-0.2334898201,0.4564991407
0.3769750092,-0.0821602579,0.6313856439,0.0,-0.2322265364,-0.1452197633,0.9617598745,0.8499641123,-0.2793330827,0.4466923289
0.3729700387,-0.0961982764,0.6294637874,0.0,-0.2268199416,-0.1685389241,0.9592431106,0.8402946903,-0.3233396035,0.4351509327
0.3684294991,-0.1100638627,0.6271660198,0.0,-0.2206256149,-0.1909543715,0.956483542,0.8297215321,-0.3652894272,0.4220495392
0.3633898084,-0.1237166595,0.6244961202,0.0,-0.2137167405,-0.2123786763,0.9535305201,0.8184409054,-0.4050190993,0.4075708694
0.3578935045,-0.1371166308,0.6214589533,0.0,-0.2061682359,-0.2327460686,0.9504335464,0.8066478521,-0.4424193428,0.3918984151
0.3519888469,-0.1502241783,0.6180604625,0.0,-0.1980543195,-0.2520111034,0.9472406718,0.7945297806,-0.4774303337,0.3752102134
0.3457293488,-0.1630002587,0.6143076606,0.0,-0.1894465161,-0.2701466462,0.9439972495,0.7822616142,-0.5100353819,0.3576739803
0.339173242,-0.1754064986,0.6102086168,0.0,-0.1804121347,-0.2871414394,0.9407450534,0.7700025108,-0.5402537775,0.3394436466
0.3323828814,-0.1874053096,0.6057724408,0.0,-0.1710132081,-0.302997482,0.9375217376,0.757894017,-0.5681334517,0.3206572001
0.3254240935,-0.1989600008,0.6010092635,0.0,-0.161305848,-0.3177274098,0.9343605923,0.7460594329,-0.5937439416,0.3014356554
0.3183654773,-0.2100348903,0.5959302154,0.0,-0.1513399508,-0.331352013,0.9312905362,0.7346041255,-0.6171699877,0.2818829278
0.3112776632,-0.2205954139,0.5905474007,0.0,-0.1411591824,-0.3438979807,0.9283362882,0.7236165281,-0.63850595,0.2620863829
0.3042325396,-0.2306082315,0.58487387,0.0,-0.1308011722,-0.3553959186,0.9255186624,0.7131695888,-0.6578511104,0.2421178518
0.2973024533,-0.2400413309,0.5789235885,0.0,-0.1202978519,-0.3658786561,0.9228549376,0.7033224717,-0.6753058487,0.2220349332
0.2905593952,-0.2488641283,0.5727114026,0.0,-0.1096758885,-0.375379836,0.9203592658,0.6941223564,-0.6909686206,0.2018824404
0.2840741781,-0.2570475647,0.5662530032,0.0,-0.0989571665,-0.383932764,0.9180430883,0.6856062239,-0.7049336407,0.1816938854
0.2779156171,-0.2645641997,0.5595648863,0.0,-0.0881592901,-0.3915694881,0.9159155395,0.677802551,-0.717289158,0.1614929276
0.2721497214,-0.2713883004,0.5526643111,0.0,-0.0772960821,-0.3983200748,0.9139838257,0.6707328674,-0.7281162117,0.1412947377
0.2668389078,-0.2774959261,0.545569256,0.0,-0.0663780637,-0.4042120476,0.9122535685,0.6644131465,-0.7374877657,0.121107251
0.2620412434,-0.2828650085,0.5382983713,0.0,-0.0554129083,-0.4092699571,0.91072911,0.6588550236,-0.7454681275,0.1009322973
0.2578097288,-0.2874754271,0.530870931,0.0,-0.044405864,-0.4135150541,0.9094137778,0.6540668385,-0.7521125751,0.080766609
0.2541916285,-0.2913090793,0.5233067814,0.0,-0.0333601448,-0.4169650409,0.9083101097,0.6500545108,-0.7574671241,0.0606027136
0.251227858,-0.294349945,0.5156262882,0.0,-0.0222772929,-0.4196338799,0.90742004,0.646822258,-0.7615683843,0.0404297241
0.2489524347,-0.2965841461,0.5078502816,0.0,-0.0111575151,-0.4215316437,0.9067450486,0.6443731665,-0.7644434615,0.0202340432
0.247392,-0.298,0.5,0.0,-0.0,-0.422664391,0.9062862752,0.6427096251,-0.7661098732,0.0
